,약국명,일요일 시작,일요일 종료,위도,경도,구별
0,국일약국,1500.0,2000.0,37.5695341,126.9884726,종로구
1,민약국,1300.0,2100.0,37.5748925,126.9708473,종로구
2,세검약국,1300.0,2130.0,37.59970360000001,126.9590644,종로구
3,옥인온누리약국,830.0,1300.0,37.576328,126.9728404,종로구
4,종근당약국,900.0,2000.0,37.5707431,127.0032834,종로구
5,우리약국,1300.0,1930.0,37.5810637,126.9667284,종로구
6,백수약국,800.0,2100.0,37.57124279999999,127.0037726,종로구
7,성당약국,900.0,2100.0,37.5715032,126.9890403,종로구
8,한독약국,1200.0,2130.0,37.5805352,127.0044164,종로구
9,종로프라자약국,1000.0,2250.0,37.581555,126.9705744,종로구
10,숭인다모아약국,1000.0,1300.0,37.5766746,127.0157357,종로구
11,열린약국,700.0,1800.0,37.5706784,127.0003241,종로구
12,수도약국,1200.0,1900.0,37.5739951,126.9851157,종로구
13,정성약국,900.0,2100.0,37.5750886,127.0215732,종로구
14,백화점약국,800.0,2100.0,37.5707225,127.0037309,종로구
15,효성약국,900.0,2100.0,37.575827200000006,127.0102981,종로구
16,경일약국,900.0,2100.0,37.60533510000001,126.9668582,종로구
17,동시약국,800.0,1900.0,37.57059279999999,127.0002143,종로구
18,보성온누리약국,1000.0,1900.0,37.5883847,126.9956567,종로구
19,보람약국,900.0,1900.0,37.572261,127.0139678,종로구
20,대경약국,900.0,2100.0,37.5725774,127.0122667,종로구
21,금왕약국,900.0,1930.0,37.5738368,127.01158999999998,종로구
22,동아약국,1000.0,1900.0,37.57056499999999,126.9990577,종로구
23,광교약국,1000.0,2130.0,37.56904820000001,126.9831,종로구
24,소담약국,1300.0,2100.0,37.5843648,126.9976253,종로구
25,공생약국,1000.0,1900.0,37.57067,127.0030535,종로구
26,서울혜화약국,1300.0,2100.0,37.5880001,127.0003433,종로구
27,센츄럴팜약국,1000.0,2200.0,37.555042,126.9695336,중구
28,새삼성약국,1200.0,1700.0,37.5607238,126.9776002,중구
29,새원약국,1000.0,2100.0,37.56372929999999,126.9852878,중구
30,장수약국,900.0,1700.0,37.5652265,127.0195821,중구
31,남시약국,900.0,1800.0,37.5607285,126.9777281,중구
32,우정약국,800.0,1200.0,37.5705358,126.99986979999998,종로구
33,종로백제약국,1000.0,1830.0,37.5712211,127.0039744,종로구
34,부광약국,900.0,1930.0,37.5712049,127.0025981,종로구
35,하트약국,1200.0,2100.0,37.58266589999999,127.0021429,종로구
36,종로백세약국,1030.0,1800.0,37.5712402,127.0022919,종로구
37,동남약국,1200.0,2000.0,37.5700878,126.9912669,종로구
38,보령약국,900.0,1700.0,37.5713013,127.0004652,종로구
39,지영오행당약국,1100.0,2100.0,37.5855097,126.9970597,종로구
40,신세계약국,1300.0,2100.0,37.5700969,126.9913845,종로구
41,백수약국,800.0,2100.0,37.5716991,127.00131770000002,종로구
42,다산온누리약국,1000.0,2000.0,37.5558422,127.0109529,중구
43,열린약국,1000.0,2200.0,37.5708733,127.0213284,중구
44,소아제일약국,900.0,1800.0,37.53321700000001,127.0047222,용산구
45,참온누리약국,900.0,1600.0,37.5466124,126.98153870000002,용산구
46,새인선약국,1200.0,2200.0,37.5459875,127.0541717,성동구
47,보명약국,1200.0,1530.0,37.5470841,127.0204569,성동구
48,상도약국,900.0,1800.0,37.5603662,127.0326803,성동구
49,부일약국,600.0,1500.0,37.55893,127.0368788,성동구
50,새인선약국,1200.0,2200.0,37.5514251,127.0678489,성동구
51,새서독약국,1300.0,1900.0,37.55846289999999,127.0333014,성동구
52,새대우약국,1600.0,2300.0,37.561807,127.0534725,성동구
53,신라약국,900.0,2230.0,37.5500942,127.0670382,성동구
54,연세우리약국,900.0,2100.0,37.5388191,127.0473621,성동구
55,수명약국,900.0,2100.0,37.546083,127.0449815,성동구
56,동틀약국,1000.0,2000.0,37.544524,127.065004,성동구
57,메디팜일진약국,900.0,1800.0,37.5626248,127.0541074,성동구
58,정민약국,1100.0,2300.0,37.5677999,127.0506845,성동구
59,보람약국,900.0,1300.0,37.54011759999999,127.0163862,성동구
60,신세계약국,1000.0,2000.0,37.5366902,127.0575116,성동구
61,대중약국,1500.0,2130.0,37.5644667,127.0280634,성동구
62,명동하이약국,1200.0,2300.0,37.5651142,126.9839311,중구
63,광희약국,1700.0,2130.0,37.5639754,127.0074496,중구
64,주원약국,1400.0,1900.0,37.56540469999999,127.0203223,중구
65,한양약국,1200.0,2000.0,37.5594683,127.0404632,성동구
66,백두산약국,900.0,2200.0,37.5462755,127.0440499,성동구
67,비트플렉스약국,1030.0,2130.0,37.5621482,127.03794209999998,성동구
68,스마일온누리약국,1000.0,2200.0,37.5399389,127.0531674,성동구
69,유명한약국,900.0,2100.0,37.5483456,127.021881,성동구
70,신효창프라자약국,800.0,1300.0,37.5395573,126.96106670000002,용산구
71,수명약국,900.0,2130.0,37.5457359,126.9816695,용산구
72,삼정약국,1500.0,2100.0,37.5334471,126.9558212,용산구
73,동아약국,1000.0,1900.0,37.5388389,126.9887403,용산구
74,성도약국,1000.0,1800.0,37.5403801,126.9916499,용산구
75,임상약국,900.0,2100.0,37.52783779999999,126.9545621,용산구
76,승현약국,1300.0,2100.0,37.5511934,126.9631267,용산구
77,신태양약국,1230.0,2000.0,37.5493399,126.979872,용산구
78,신명약국,1600.0,2000.0,37.5493399,126.979872,용산구
79,수복약국,730.0,2400.0,37.5392214,126.9575013,용산구
80,명진약국,900.0,2100.0,37.5465566,126.9817466,용산구
81,메디팜미래로약국,1000.0,2200.0,37.5447824,126.9682535,용산구
82,동오약국,900.0,2130.0,37.5263534,127.0009509,용산구
83,백경약국,1300.0,1700.0,37.5349173,126.9595617,용산구
84,서울중앙약국,700.0,2300.0,37.5490645,126.9704658,용산구
85,정문약국,840.0,1840.0,37.533187100000006,127.004804,용산구
86,국제약국,1530.0,2030.0,37.5441666,126.9725451,용산구
87,한국약국,1000.0,2000.0,37.5185268,126.9806796,용산구
88,종로프라자약국,1000.0,2330.0,37.5288539,126.9640447,용산구
89,옵티마뚝도시장약국,1000.0,2200.0,37.53745410000001,127.0540995,성동구
90,메디팜일진약국,900.0,1800.0,37.5616976,127.0342907,성동구
91,옥수대한약국,900.0,1300.0,37.5465935,127.0142975,성동구
92,산호약국,1000.0,1800.0,37.5627213,127.0334331,성동구
93,강변그랜드약국,900.0,1800.0,37.54329110000001,127.069075,광진구
94,금성약국,1300.0,2200.0,37.5376448,127.0836627,광진구
95,뉴메디칼약국,900.0,2130.0,37.5359613,127.0652252,광진구
96,건대역약국,1000.0,1700.0,37.54073229999999,127.0673778,광진구
97,강변그랜드약국,900.0,1800.0,37.5373373,127.09767240000002,광진구
98,온누리강변프라자약국,900.0,1800.0,37.5373373,127.09767240000002,광진구
99,뉴메디칼약국,900.0,2130.0,37.5483453,127.0693268,광진구
100,비전약국,900.0,2000.0,37.5389211,127.06680520000002,광진구
101,새성수약국,1100.0,2300.0,37.58071760000001,127.05163229999998,동대문구
102,아파트엠약국,1000.0,2100.0,37.5727927,127.0321687,동대문구
103,외대조은약국,1000.0,2400.0,37.5764921,127.0604586,동대문구
104,메디팜동아약국,1300.0,1800.0,37.5966208,127.0670655,동대문구
105,레몬약국,900.0,1300.0,37.5402806,127.0950196,광진구
106,중곡종로약국,1000.0,2100.0,37.5575847,127.0881598,광진구
107,삼육오약국,1000.0,1900.0,37.5401601,127.0631631,광진구
108,행복한약국,900.0,1800.0,37.5356875,127.0821274,광진구
109,온누리메디칼약국,900.0,2000.0,37.5405784,127.0676377,광진구
110,더클래식약국,900.0,2400.0,37.5387765,127.0710831,광진구
111,진명약국,900.0,2100.0,37.5542743,127.07542240000002,광진구
112,용상약국,1700.0,2200.0,37.5483553,127.1076331,광진구
113,광해약국,1000.0,2130.0,37.55623370000001,127.0792995,광진구
114,동서울약국,830.0,2200.0,37.5333713,127.0933675,광진구
115,호림약국,1700.0,2200.0,37.5474493,127.0688343,광진구
116,수도약국,1030.0,1700.0,37.5451101,127.0884521,광진구
117,완미약국,1800.0,2400.0,37.5448201,127.08543190000002,광진구
118,더샾스타시티약국,900.0,2300.0,37.5383305,127.07510220000002,광진구
119,신상록수약국,1000.0,2000.0,37.5734302,127.031128,동대문구
120,흥명약국,1400.0,2230.0,37.57542539999999,127.04131470000002,동대문구
121,신보명약국,830.0,2030.0,37.5649987,127.0644719,동대문구
122,신한약국,900.0,1300.0,37.5753558,127.0722987,동대문구
123,중경당약국,900.0,2300.0,37.5660714,127.0680604,동대문구
124,청량리중앙약국,1000.0,2200.0,37.5792928,127.0479007,동대문구
125,한사랑온누리약국,900.0,1700.0,37.5674369,127.0523757,동대문구
126,한가람약국,900.0,2030.0,37.5901586,127.0617577,동대문구
127,연세약국,1200.0,1700.0,37.57855550000001,127.0581978,동대문구
128,서생당약국,900.0,1800.0,37.5749819,127.0469616,동대문구
129,세광약국,700.0,2030.0,37.57947520000001,127.042044,동대문구
130,새린온누리약국,900.0,1800.0,37.57211789999999,127.0698325,동대문구
131,중량약국,900.0,1800.0,37.59180900000001,127.0674123,동대문구
132,행복한정약국,800.0,1900.0,37.60336420000001,127.0622216,동대문구
133,메디팜사랑약국,900.0,1800.0,37.5895839,127.0623447,동대문구
134,메디칼갑산약국,900.0,1700.0,37.5916719,127.0665908,동대문구
135,이문우량아약국,830.0,1900.0,37.6032986,127.0655384,동대문구
136,넘버원삼육약국,900.0,1700.0,37.5887474,127.0626484,동대문구
137,한사랑온누리약국,900.0,1700.0,37.6031017,127.0667232,동대문구
138,오로라온누리약국,1630.0,2000.0,37.5788629,127.0501263,동대문구
139,새시장약국,1000.0,2200.0,37.5959976,127.09962790000002,중랑구
140,새우정약국,1000.0,2000.0,37.61384899999999,127.0759618,중랑구
141,상아약국,830.0,1930.0,37.5950066,127.1002367,중랑구
142,새대우약국,900.0,2100.0,37.6064225,127.078833,중랑구
143,세화당약국,1100.0,2330.0,37.59936920000001,127.0764867,중랑구
144,성지약국,1730.0,2230.0,37.6174917,127.0821762,중랑구
145,상봉태평양약국,1200.0,1800.0,37.5995978,127.0981633,중랑구
146,건명약국,1000.0,1800.0,37.589608,127.0870355,중랑구
147,은혜약국,1200.0,1900.0,37.5956471,127.0993966,중랑구
148,로데오약국,1300.0,1900.0,37.58127899999999,127.0886917,중랑구
149,이즈약국,830.0,1800.0,37.5995459,127.0977381,중랑구
150,팜코리아약국,900.0,1900.0,37.58318970000001,127.08864579999998,중랑구
151,덕수약국,900.0,1200.0,37.5971532,127.0757912,중랑구
152,태릉프라자약국,1500.0,1900.0,37.5982954,127.076905,중랑구
153,엔파트약국,1000.0,1300.0,37.5939234,127.0749298,중랑구
154,종로태평양약국,900.0,1900.0,37.6121854,127.0770867,중랑구
155,무궁화약국,1000.0,2200.0,37.5794549,127.087121,중랑구
156,제일한사랑약국,1000.0,1800.0,37.6168565,127.0913817,중랑구
157,새봉화약국,900.0,1400.0,37.61639470000001,127.0926039,중랑구
158,성재약국,1500.0,2300.0,37.5829463,127.0853665,중랑구
159,조은약국,1200.0,2100.0,37.602085,127.1019861,중랑구
160,새우정약국,1000.0,2000.0,37.5994539,127.0997267,중랑구
161,새우림약국,1600.0,2130.0,37.5986427,127.0975679,중랑구
162,이안온누리약국,900.0,1330.0,37.579669,127.087432,중랑구
163,백세약국,900.0,2200.0,37.6066393,127.0955549,중랑구
164,3층엠코약국,900.0,1200.0,37.5977195,127.0932913,중랑구
165,튼튼약국,1500.0,2200.0,37.5838499,127.0884928,중랑구
166,새민우약국,900.0,2200.0,37.5993837,127.0182666,성북구
167,회생약국,800.0,2030.0,37.5823765,127.0193267,성북구
168,동부약국,1500.0,1900.0,37.6093646,127.0241008,성북구
169,모당약국,1600.0,2000.0,37.5963256,127.015127,성북구
170,세원약국,1500.0,2300.0,37.5937325,127.0188153,성북구
171,온누리민우약국,1300.0,2100.0,37.6106761,127.0606347,성북구
172,화성약국,1030.0,2200.0,37.6085364,127.0358646,성북구
173,제창약국,830.0,2200.0,37.6056468,127.0134049,성북구
174,태평양약국,830.0,2000.0,37.6113927,127.0091032,성북구
175,정인약국,1400.0,1800.0,37.6023816,127.0158976,성북구
176,계산온누리약국,1500.0,2200.0,37.59062340000001,127.0170138,성북구
177,365약국,930.0,2130.0,37.6085892,127.0294443,성북구
178,새국민약국,1000.0,1700.0,37.6029449,127.0420987,성북구
179,이화프라자약국,1000.0,1800.0,37.6088141,127.0100922,성북구
180,인정온누리약국,900.0,1500.0,37.5854352,127.0101732,성북구
181,한미약국,1000.0,1900.0,37.5989002,127.0342472,성북구
182,성북월드팜약국,900.0,2100.0,37.6092663,127.0524388,성북구
183,명소약국,900.0,2100.0,37.6070225,127.0610963,성북구
184,서울약국,900.0,1300.0,37.5983468,127.0214341,성북구
185,유림당약국,900.0,1900.0,37.653293,127.0407996,도봉구
186,고려약국,900.0,1400.0,37.6335818,127.0173297,강북구
187,세일약국,1000.0,1800.0,37.631354,127.02194509999998,강북구
188,송일약국,800.0,1900.0,37.6188313,127.0314249,강북구
189,한양약국,900.0,1700.0,37.6358289,127.015698,강북구
190,수유동약국,1200.0,2100.0,37.63632980000001,127.0227421,강북구
191,소원약국,900.0,2100.0,37.62683300000001,127.025582,강북구
192,삼천약국,1000.0,1900.0,37.6295659,127.0176488,강북구
193,지영약국,1800.0,2100.0,37.6412127,127.016581,강북구
194,수유태평양약국,900.0,2000.0,37.6302064,127.0224133,강북구
195,송도약국,1000.0,1830.0,37.63846820000001,127.02571100000002,강북구
196,화신약국,830.0,2030.0,37.6413568,127.0171185,강북구
197,웰빙메디칼약국,1100.0,1800.0,37.6252952,127.0261504,강북구
198,직영약국,900.0,2000.0,37.6305217,127.0234878,강북구
199,만남온누리약국,1100.0,2100.0,37.6629357,127.0122947,강북구
200,한사랑온누리약국,900.0,1600.0,37.6322927,127.013805,강북구
201,생수당약국,0.0,0.0,37.6252206,127.0322019,강북구
202,수유온누리약국,1000.0,1400.0,37.6367563,127.02485190000002,강북구
203,건강비타민약국,900.0,2100.0,37.62495790000001,127.0187199,강북구
204,번동프라자약국,1400.0,2130.0,37.6347992,127.0355831,강북구
205,미양온누리약국,1000.0,1800.0,37.62010430000001,127.0182139,강북구
206,화원약국,900.0,1800.0,37.6450138,127.0154612,강북구
207,길약국,830.0,1900.0,37.63036779999999,127.023074,강북구
208,필약국,900.0,1300.0,37.62892069999999,127.0393082,강북구
209,조은약국,900.0,1600.0,37.6367746,127.02389309999998,강북구
210,우리대한약국,1000.0,2100.0,37.6350823,127.0228933,강북구
211,수유파랑새약국,830.0,1800.0,37.6452328,127.01535859999998,강북구
212,삼성약국,1000.0,2100.0,37.6451106,127.0199495,강북구
213,바른약국,800.0,2200.0,37.6441578,127.0228334,강북구
214,백운약국,1300.0,1900.0,37.64743370000001,127.03440220000002,도봉구
215,메디팜큰사랑약국,1030.0,2100.0,37.6488436,127.0352587,도봉구
216,종로프라자약국,830.0,2200.0,37.6520293,127.0467461,도봉구
217,이화태평양약국,900.0,2100.0,37.6391474,127.0382089,도봉구
218,창동종로약국,800.0,1930.0,37.65269960000001,127.0469574,도봉구
219,하나약국,900.0,1500.0,37.6724695,127.0463475,도봉구
220,창동남대문약국,900.0,2200.0,37.6380868,127.0373172,도봉구
221,보화당약국,830.0,2200.0,37.6529434,127.0506023,도봉구
222,태양당약국,1100.0,1800.0,37.6686519,127.0320859,도봉구
223,명산약국,900.0,1300.0,37.65116810000001,127.050345,도봉구
224,후문한일약국,900.0,1200.0,37.6457729,127.03031599999998,도봉구
225,파마트열린약국,1000.0,1600.0,37.6581169,127.0325037,도봉구
226,건강제일녹십자약국,900.0,1800.0,37.6338197,127.04120290000002,도봉구
227,방학약국,900.0,2200.0,37.6696209,127.0432872,도봉구
228,태양약국,1600.0,2200.0,37.6486098,127.0343291,도봉구
229,도봉태평양약국,900.0,2200.0,37.6777094,127.0447308,도봉구
230,도봉태평양약국,900.0,2200.0,37.65356729999999,127.0504176,도봉구
231,오약국,930.0,1500.0,37.66756640000001,127.0454944,도봉구
232,건강제일녹십자약국,900.0,1800.0,37.6583229,127.0358637,도봉구
233,창동이화약국,900.0,1300.0,37.651399,127.0458986,도봉구
234,수락프라자약국,900.0,2230.0,37.67741609999999,127.054858,노원구
235,푸른바다약국,900.0,1500.0,37.6498393,127.06128390000002,노원구
236,인덕약국,1230.0,1800.0,37.6308761,127.06104209999998,노원구
237,당고개약국,900.0,2200.0,37.6708273,127.0799769,노원구
238,오피앙약국,900.0,2100.0,37.6802689,127.05486940000002,노원구
239,나현약국,1000.0,2300.0,37.6563873,127.06961409999998,노원구
240,백조약국,1100.0,1930.0,37.62715120000001,127.0791017,노원구
241,새고운약국,1000.0,1900.0,37.6196709,127.074629,노원구
242,새봄약국,830.0,1600.0,37.6393876,127.0642707,노원구
243,i튼튼약국,900.0,1600.0,37.6244964,127.0729685,노원구
244,화랑온누리약국,1700.0,2230.0,37.6233344,127.0795612,노원구
245,봄약국,900.0,1400.0,37.6530156,127.0613085,노원구
246,수성약국,1000.0,2000.0,37.6589601,127.0614785,노원구
247,자인당약국,1300.0,2100.0,37.6548001,127.0642032,노원구
248,화랑대약국,930.0,1800.0,37.62078169999999,127.0836072,노원구
249,신동아약국,1000.0,2200.0,37.62644,127.0619091,노원구
250,21세기상계약국,1000.0,1900.0,37.666624,127.0576052,노원구
251,새하늘약국,1100.0,2200.0,37.6498393,127.06128390000002,노원구
252,평강상록수약국,1930.0,2000.0,37.66635309999999,127.0569603,노원구
253,건강플러스약국,900.0,1300.0,37.6576842,127.0616951,노원구
254,중계상록수약국,900.0,1700.0,37.6508113,127.0759834,노원구
255,참말로친절한약국,1200.0,2100.0,37.6542772,127.0575947,노원구
256,서부약국,1000.0,2100.0,37.6668466,127.056826,노원구
257,새하늘약국,1100.0,2200.0,37.64669749999999,127.0657247,노원구
258,푸른바다약국,900.0,1500.0,37.6152064,127.0651538,노원구
259,삼호성심약국,830.0,1200.0,37.6244076,127.0655937,노원구
260,유진약국,1000.0,1900.0,37.612751,126.9152122,은평구
261,장수약국,900.0,1900.0,37.5939416,126.9183004,은평구
262,예일태평양약국,900.0,1200.0,37.6111105,126.9168115,은평구
263,은빛약국,900.0,1800.0,37.6234309,126.9194399,은평구
264,참조은약국,1230.0,1800.0,37.5837873,126.90922659999998,은평구
265,예일태평양약국,900.0,1200.0,37.6199895,126.9199824,은평구
266,제중원약국,900.0,2130.0,37.5810703,126.9356344,서대문구
267,모범약국,1400.0,2200.0,37.5772302,126.9232234,서대문구
268,은하약국,1500.0,2000.0,37.58958300000001,126.9427214,서대문구
269,은하약국,1500.0,2000.0,37.5821633,126.9236109,서대문구
270,희망약국,900.0,1800.0,37.577328,126.9242647,서대문구
271,완약국,600.0,2000.0,37.5954357,126.946106,서대문구
272,필온누리약국,1200.0,2100.0,37.5557016,126.9364107,서대문구
273,가족건강약국,900.0,2000.0,37.5071231,126.9622493,동작구
274,성대약국,900.0,2100.0,37.4999898,126.93255220000002,동작구
275,대형약국,1000.0,2000.0,37.55971050000001,126.9583898,서대문구
276,사러가약국,1000.0,2100.0,37.5671033,126.9296369,서대문구
277,김약국,1000.0,2000.0,37.5221403,126.8333183,양천구
278,가까운온누리약국,1300.0,2100.0,37.5173729,126.8653092,양천구
279,새종로약국,1100.0,1900.0,37.5002137,126.9323092,동작구
280,한신약국,800.0,1900.0,37.5850354,126.9474505,서대문구
281,대유약국,900.0,2130.0,37.5818166,126.9358604,서대문구
282,현우약국,930.0,2200.0,37.5555413,126.9362297,서대문구
283,새무지개약국,900.0,1300.0,37.5210264,126.8521472,양천구
284,소망온누리약국,1000.0,2100.0,37.5217128,126.8340954,양천구
285,행복이열리는건강약국,1200.0,1700.0,37.5009476,126.9499507,동작구
286,건강온누리약국,900.0,2000.0,37.5049188,126.9411015,동작구
287,사당프라자약국,900.0,1700.0,37.4832665,126.9732338,동작구
288,사당소화약국,1430.0,1600.0,37.4771402,126.9811313,동작구
289,동현약국,830.0,2100.0,37.5711215,126.9603397,서대문구
290,인왕약국,800.0,2030.0,37.59101679999999,126.943453,서대문구
291,영신약국,1500.0,2200.0,37.5763376,126.9145067,서대문구
292,가정약국,900.0,1300.0,37.5466283,126.8720586,양천구
293,신국경약국,1100.0,1400.0,37.5457623,126.8711007,양천구
294,목동온누리약국,1200.0,1830.0,37.51548270000001,126.86139009999998,양천구
295,연성약국,900.0,1300.0,37.5198132,126.8533943,양천구
296,한울약국,900.0,1300.0,37.5257763,126.8703272,양천구
297,매일여는약국,900.0,2400.0,37.5274468,126.8715522,양천구
298,대흥약국,900.0,2130.0,37.5067403,126.90946540000002,영등포구
299,온누리유진약국,900.0,1700.0,37.5139257,126.9176431,영등포구
300,산들약국,1100.0,1900.0,37.5563679,127.1419695,강동구
301,강서홈약국,1100.0,2100.0,37.5584359,126.8547981,강서구
302,곰달래약국,900.0,1900.0,37.531527,126.8580857,강서구
303,미주약국,1800.0,2200.0,37.574644,126.8189919,강서구
304,종대약국,800.0,2200.0,37.5085758,126.9003381,영등포구
305,동신당약국,900.0,1900.0,37.508426,126.8994445,영등포구
306,태령약국,900.0,2000.0,37.5063336,126.9107957,영등포구
307,수범약국,830.0,2130.0,37.5162749,126.9056469,영등포구
308,수산약국,800.0,2230.0,37.49978820000001,126.9006513,영등포구
309,종로당약국,1000.0,1700.0,37.5635612,126.8547253,강서구
310,메디팜대원약국,1200.0,2100.0,37.6005485,126.9189476,은평구
311,하늘약국,900.0,1300.0,37.6044098,126.9239269,은평구
312,한림약국,1100.0,2100.0,37.5365511,127.134689,강동구
313,영임약국,900.0,1700.0,37.5414627,127.1301387,강동구
314,강동정문약국,1300.0,1700.0,37.5283515,127.1457028,강동구
315,시민당약국,900.0,2100.0,37.53803920000001,127.1398045,강동구
316,애플약국,900.0,1300.0,37.6350842,126.92361499999998,은평구
317,건강한약국,900.0,1300.0,37.6350842,126.92361499999998,은평구
318,오온누리약국,900.0,1500.0,37.60553529999999,126.9221587,은평구
319,래미안온누리약국,1000.0,1700.0,37.5318721,126.9031482,영등포구
320,발산그랜드약국,1000.0,2000.0,37.5594039,126.8389535,강서구
321,까치프라자약국,900.0,2100.0,37.5575588,126.8408886,강서구
322,건강밝은약국,1000.0,1300.0,37.6177686,126.920095,은평구
323,은평자연약국,1400.0,2100.0,37.6208234,126.9172857,은평구
324,불광온누리약국,1030.0,2100.0,37.6108916,126.9299497,은평구
325,정문온누리약국,830.0,2200.0,37.60845870000001,126.93122920000002,은평구
326,홍약국,900.0,1300.0,37.61902120000001,126.9225779,은평구
327,아름다운달과별약국,1200.0,2300.0,37.6190571,126.9201953,은평구
328,메디팜대원약국,1200.0,2100.0,37.6004562,126.9210757,은평구
329,국제공항약국,630.0,1930.0,37.555525,126.8067017,강서구
330,큰덕약국,1000.0,2030.0,37.5519393,126.8354331,강서구
331,마곡하늘약국,1100.0,1900.0,37.577303,126.8129837,강서구
332,엄마약국,1200.0,2000.0,37.4950722,126.8973708,영등포구
333,정안약국,830.0,2030.0,37.50136579999999,126.91702820000002,영등포구
334,천사온누리약국,1200.0,1900.0,37.5063001,126.9614927,동작구
335,신중앙약국,1300.0,2400.0,37.5078385,126.9608187,동작구
336,대림미소약국,930.0,1800.0,37.520070200000006,126.8913616,영등포구
337,상록수약국,900.0,2000.0,37.5522768,127.1296204,강동구
338,튼튼온누리약국,900.0,1730.0,37.5476646,127.1269648,강동구
339,강동한우리약국,930.0,1930.0,37.5503621,127.1279032,강동구
340,행복한온누리약국,900.0,2100.0,37.55342720000001,126.8264511,강서구
341,개화약국,900.0,2100.0,37.57287879999999,126.8073293,강서구
342,스카이약국,1000.0,1800.0,37.5667733,126.8025118,강서구
343,미즈정문약국,900.0,2000.0,37.5525097,126.83598899999998,강서구
344,상도시장약국,1030.0,2200.0,37.5013318,126.937092,동작구
345,상도시장약국,1030.0,2200.0,37.4879346,126.98090659999998,동작구
346,가족건강약국,900.0,2000.0,37.5053511,126.9465209,동작구
347,보건약국,1100.0,1900.0,37.5232097,126.9330608,영등포구
348,세종로약국,900.0,1600.0,37.5046076,126.9218357,영등포구
349,마곡메디칼약국,900.0,1300.0,37.5672077,126.8187284,강서구
350,동방약국,900.0,1300.0,37.5430751,126.8393743,강서구
351,새싹약국,1000.0,1400.0,37.5484157,126.8367396,강서구
352,세종약국,1000.0,1400.0,37.464637,126.9025193,금천구
353,대우당약국,1900.0,2200.0,37.4505615,126.906579,금천구
354,영광약국,900.0,2000.0,37.4758241,126.8974581,금천구
355,시흥프라자약국,900.0,2100.0,37.4594614,126.9047562,금천구
356,녹수프라자약국,900.0,2200.0,37.4657159,126.9017801,금천구
357,고원약국,1000.0,2100.0,37.47680220000001,126.8948117,금천구
358,금강온누리약국,900.0,2200.0,37.51730720000001,126.9063931,영등포구
359,지현약국,1100.0,2330.0,37.5136894,126.9222537,영등포구
360,윤중약국,900.0,2100.0,37.5213559,126.9249795,영등포구
361,자성당약국,930.0,1800.0,37.5639494,126.812495,강서구
362,월성약국,800.0,2100.0,37.53169310000001,126.8379837,강서구
363,새은약국,830.0,2200.0,37.55562279999999,126.8654244,강서구
364,미동약국,1000.0,2100.0,37.5346186,126.8387925,강서구
365,금비약국,1200.0,1900.0,37.55307620000001,126.8703759,강서구
366,성혜약국,900.0,2100.0,37.5280344,126.8421518,강서구
367,미주약국,1800.0,2200.0,37.561687,126.8098122,강서구
368,내인당약국,930.0,2000.0,37.55274650000001,126.83606,강서구
369,태양약국,1000.0,2200.0,37.5353774,126.8614803,강서구
370,남문프라자약국,900.0,2100.0,37.4798346,126.8824997,금천구
371,비즈메드약국,1000.0,1700.0,37.4530099,126.9017478,금천구
372,건강플러스약국,1000.0,2230.0,37.4686493,126.8968106,금천구
373,선화온누리약국,1200.0,2030.0,37.5104348,126.9170284,영등포구
374,대명약국,1400.0,2030.0,37.5142196,126.9069031,영등포구
375,우당약국,800.0,2200.0,37.5181045,126.93297520000002,영등포구
376,녹십자약국,1400.0,2300.0,37.5557665,126.8571546,강서구
377,웰빙국내선약국,700.0,1900.0,37.555525,126.8067017,강서구
378,새한약국,1800.0,2230.0,37.5453501,126.8620483,강서구
379,굿모닝약국,900.0,1400.0,37.4795559,126.9041124,금천구
380,독산종로약국,930.0,1600.0,37.4788057,126.904051,금천구
381,별장약국,900.0,2330.0,37.4491259,126.9082092,금천구
382,정암산약국,900.0,2200.0,37.4511037,126.9023758,금천구
383,토마스약국,900.0,2130.0,37.4672831,126.8991085,금천구
384,삼화약국,800.0,2230.0,37.4500511,126.9040017,금천구
385,경일약국,900.0,2100.0,37.4580789,126.9002585,금천구
386,남문프라자약국,900.0,2100.0,37.4725609,126.89865690000002,금천구
387,예닮약국,900.0,1300.0,37.469756,126.8975031,금천구
388,명수대약국,1000.0,2000.0,37.50692919999999,126.96152240000002,동작구
389,약산약국,1030.0,2000.0,37.5112753,126.91446,영등포구
390,서진약국,900.0,1300.0,37.5022802,126.8963702,영등포구
391,온누리세종약국,1400.0,1900.0,37.47769479999999,126.9780598,동작구
392,대남약국,900.0,2200.0,37.5020997,126.9369103,동작구
393,상산약국,1000.0,2100.0,37.5055771,126.9611453,동작구
394,명인약국,1400.0,2000.0,37.4980298,126.9207304,동작구
395,인화약국,1000.0,2100.0,37.51111909999999,126.9451481,동작구
396,안일약국,1000.0,2200.0,37.497636,126.9347152,동작구
397,제일약국,1500.0,2030.0,37.5041589,126.92253429999998,동작구
398,호약국,900.0,2100.0,37.5335165,126.8359459,양천구
399,제성약국,1100.0,1900.0,37.5395496,126.8660131,양천구
400,신왕약국,1200.0,1900.0,37.5335416,126.8267356,양천구
401,상마약국,1030.0,1730.0,37.5232563,126.8758225,양천구
402,내외약국,1000.0,1300.0,37.5182365,126.8417727,양천구
403,영민약국,900.0,1430.0,37.5345944,126.8847018,양천구
404,백십자약국,1200.0,1800.0,37.5185063,126.8429144,양천구
405,목동행복한약국,1000.0,2200.0,37.52070629999999,126.8521193,양천구
406,무지개약국,1030.0,1430.0,37.5485637,126.8636902,양천구
407,목동행복한약국,1000.0,2200.0,37.524622,126.8413979,양천구
408,신성약국,1100.0,2100.0,37.4987476,126.951817,동작구
409,사당소화약국,1430.0,1600.0,37.4983838,126.9210091,동작구
410,상아온누리약국,900.0,1300.0,37.4976242,126.9439424,동작구
411,아름약국,1000.0,2000.0,37.5033585,126.9610166,동작구
412,아름다운약국,1000.0,1900.0,37.5515099,126.96191709999998,마포구
413,태평양약국,900.0,2400.0,37.5527992,126.9239678,마포구
414,정아약국,900.0,2100.0,37.5481148,126.9181538,마포구
415,메디팜덕인약국,1000.0,1700.0,37.5568536,126.9513783,마포구
416,더블유스토어연세약국,830.0,1230.0,37.5575783,126.91510490000002,마포구
417,신일약국,1600.0,2200.0,37.5560321,126.9624213,마포구
418,박순영온누리약국,1200.0,1800.0,37.5082021,127.1283034,송파구
419,새건영약국,1300.0,2030.0,37.4821714,127.1263389,송파구
420,지선약국,1500.0,2100.0,37.5678704,126.90793290000002,마포구
421,비온뒤숲속약국,1200.0,2100.0,37.5581472,126.9078145,마포구
422,상암월드약국,1000.0,2230.0,37.5853823,126.88218159999998,마포구
423,더블유스토어연세약국,830.0,1230.0,37.5551342,126.9356458,마포구
424,청심약국,1430.0,2100.0,37.5508569,126.90693290000002,마포구
425,애오개약국,900.0,1500.0,37.55198220000001,126.9565201,마포구
426,이화키즈팜약국,830.0,1330.0,37.5458958,126.9515058,마포구
427,옵티마상원약국,1000.0,2100.0,37.5555962,126.9101345,마포구
428,옵티마유한약국,900.0,2000.0,37.5702658,126.9034118,마포구
429,이화메세나약국,1300.0,2100.0,37.5489656,126.9134767,마포구
430,W스토아청와약국,830.0,2300.0,37.4845387,126.8880108,구로구
431,구로종로약국,1100.0,2100.0,37.49575170000001,126.84256670000002,구로구
432,하나약국,900.0,2100.0,37.49441820000001,126.882521,구로구
433,365열린약국,830.0,2230.0,37.5026074,126.8498258,구로구
434,성인약국,1000.0,2100.0,37.486498,126.8561607,구로구
435,인제약국,900.0,2200.0,37.4701013,126.9292826,관악구
436,새태평양온누리약국,1000.0,1800.0,37.4753949,126.9654829,관악구
437,구로참조은약국,900.0,1300.0,37.499718,126.8670953,구로구
438,구로종로약국,1100.0,2100.0,37.5025245,126.8496404,구로구
439,한마을약국,1000.0,2100.0,37.4952998,126.8625447,구로구
440,대웅프라자약국,1300.0,2000.0,37.506086,126.888665,구로구
441,흥부약국,1400.0,2000.0,37.505174,126.889074,구로구
442,신다정약국,1000.0,1700.0,37.47889770000001,126.9526427,관악구
443,차약국,830.0,1800.0,37.4835828,126.9538256,관악구
444,승일약국,1300.0,1700.0,37.4777154,126.914005,관악구
445,온누리대산약국,1700.0,2200.0,37.48316459999999,126.9023626,관악구
446,광주약국,900.0,2200.0,37.4878929,126.9582546,관악구
447,일광약국,830.0,2030.0,37.4868485,126.9175511,관악구
448,대림약국,830.0,30.0,37.4764875,126.9587646,관악구
449,송파제일약국,1300.0,1900.0,37.49672260000001,127.1317199,송파구
450,문정우리들약국,1000.0,1600.0,37.5119129,127.1135622,송파구
451,키즈플러스약국,930.0,2000.0,37.5112348,127.0980274,송파구
452,3층메디칼약국,1000.0,1800.0,37.51571970000001,127.1322328,송파구
453,하나메디칼약국,1000.0,1700.0,37.4928214,127.1446138,송파구
454,일번약국,1000.0,1730.0,37.5307648,127.112985,송파구
455,시장온누리약국,830.0,2100.0,37.5370915,127.1213535,송파구
456,구로참조은약국,900.0,1300.0,37.496240500000006,126.8299895,구로구
457,태양약국,1000.0,2200.0,37.49558250000001,126.8423024,구로구
458,디큐브약국,1100.0,2100.0,37.5084321,126.8887332,구로구
459,두산약국,900.0,1300.0,37.4917902,126.8920319,구로구
460,성보약국,930.0,1930.0,37.481607200000006,126.9432396,관악구
461,신림당약국,900.0,1900.0,37.4816177,126.9283961,관악구
462,숲약국,1400.0,2000.0,37.5101888,127.0856227,송파구
463,마천푸른솔약국,1000.0,2000.0,37.49816420000001,127.1469278,송파구
464,365바른약국,1100.0,2200.0,37.5119423,127.0870254,송파구
465,가든파이브약국,900.0,2200.0,37.4775778,127.1249983,송파구
466,조아약국,1000.0,2200.0,37.5023699,126.8814842,구로구
467,태영약국,900.0,1300.0,37.5055816,126.889833,구로구
468,태평양약국,1730.0,2130.0,37.484189,126.9273666,관악구
469,봉천프라자약국,1000.0,2000.0,37.4819264,126.9427614,관악구
470,태평양약국,1000.0,2100.0,37.5078652,127.0879833,송파구
471,그랜드약국,900.0,2000.0,37.5003853,127.1451644,송파구
472,송파그랜드약국,1200.0,2200.0,37.48495379999999,127.1259706,송파구
473,팜플러스약국,900.0,2200.0,37.4956238,127.1220318,송파구
474,열린약국,2000.0,2200.0,37.5035169,127.1138097,송파구
475,수태평양약국,900.0,2100.0,37.5026376,126.84995990000002,구로구
476,대자연약국,1500.0,2200.0,37.54591720000001,127.1335363,강동구
477,강동태평양약국,900.0,2200.0,37.5263296,127.1351805,강동구
478,새아름약국,1500.0,1830.0,37.5504248,127.1288335,강동구
479,황제약국,900.0,1300.0,37.5060775,127.1079217,송파구
480,우리들약국,1000.0,2430.0,37.5509801,127.1275225,강동구
481,광장온누리약국,830.0,2130.0,37.4704935,126.9373852,관악구
482,송파태양약국,1200.0,2000.0,37.5108761,127.1155268,송파구
483,모범약국,1000.0,1900.0,37.5021823,127.0950148,송파구
484,강남약국,900.0,1400.0,37.527359,127.1356019,강동구
485,엄약국,1000.0,2200.0,37.52584270000001,127.1263174,강동구
486,두레약국,1000.0,1900.0,37.5573679,127.1689103,강동구
487,동현약국,800.0,2400.0,37.5452118,127.14157,강동구
488,쌍용약국,900.0,1500.0,37.50685550000001,127.07298190000002,송파구
489,농수산약국,0.0,1800.0,37.492994,127.112326,송파구
490,건강한약국,800.0,1730.0,37.5413727,127.13003229999998,강동구
491,새실로암약국,1000.0,2200.0,37.5499518,127.143503,강동구
492,태극약국,1700.0,2100.0,37.5606771,127.1624739,강동구
493,신연세약국,1000.0,1200.0,37.5545309,127.1350844,강동구
494,행복한약국,1000.0,1400.0,37.483093200000006,126.9252769,관악구
495,신한성약국,830.0,2200.0,37.4763516,126.9777694,관악구
496,헬로팜약국,1400.0,2300.0,37.5110296,127.0830765,송파구
497,뉴프라임약국,900.0,2200.0,37.494231,127.1177169,송파구
498,메디팜더미소약국,900.0,2100.0,37.5069886,127.1215255,송파구
499,신미소약국,1000.0,2300.0,37.4841828,126.9032353,관악구
500,새조은약국,900.0,1300.0,37.5006069,127.1108662,송파구
501,가든건강약국,1000.0,1700.0,37.50496010000001,127.0847025,송파구
502,온누리대광약국,900.0,1800.0,37.4925953,126.8971845,영등포구
503,옥광약국,900.0,1300.0,37.5024854,126.8962485,영등포구
504,중앙약국,800.0,2200.0,37.5154709,126.9066823,영등포구
505,드림약국,1030.0,2200.0,37.517007,126.9041419,영등포구
506,구명약국,1000.0,1930.0,37.4895765,126.9255086,관악구
507,두산약국,1700.0,2200.0,37.4867442,126.9453733,관악구
508,새난곡약국,900.0,1300.0,37.4736875,126.9184995,관악구
509,신대명약국,900.0,1900.0,37.4854514,126.9555284,관악구
510,365열린약국,1000.0,2300.0,37.48451170000001,126.9300644,관악구
511,동의삼성약국,1300.0,2200.0,37.4968508,127.1519742,송파구
512,후생약국,930.0,2130.0,37.497363,127.15003,송파구
513,신대흥약국,900.0,1300.0,37.5210547,126.899121,영등포구
514,신길프라자약국,900.0,1300.0,37.5081661,126.905409,영등포구
515,동신당약국,900.0,1900.0,37.5235669,126.8982673,영등포구
516,종로온누리약국,1000.0,1800.0,37.4927568,126.9080731,영등포구
517,신세명약국,1000.0,2000.0,37.4974405,126.9035096,영등포구
518,관악수약국,830.0,2200.0,37.4706344,126.9337182,관악구
519,유쾌한약국,900.0,1300.0,37.4737949,126.9174296,관악구
520,마더스약국,900.0,1700.0,37.47446980000001,126.9172322,관악구
521,관악수약국,830.0,2200.0,37.4774868,126.961636,관악구
522,지하철약국,1000.0,2200.0,37.5132537,127.1001549,송파구
523,감초당약국,1400.0,2100.0,37.5070168,127.1079727,송파구
524,고바우약국,1000.0,2000.0,37.4970908,127.1500116,송파구
525,메디팜하나약국,830.0,1300.0,37.5003751,127.1110805,송파구
526,한중약국,900.0,2100.0,37.4903498,126.8983347,영등포구
527,웃는내일약국,900.0,1300.0,37.5268553,126.8924014,영등포구
528,광혜약국,1100.0,2100.0,37.54789239999999,126.9455614,마포구
529,delight이화약국,1400.0,2100.0,37.5595133,126.9072445,마포구
530,신공덕약국,1000.0,2100.0,37.5467117,126.9509874,마포구
531,준약국,1000.0,1600.0,37.56696489999999,126.90979009999998,마포구
532,시온약국,1300.0,300.0,37.50484220000001,127.0931278,송파구
533,세계로약국,900.0,2100.0,37.498618,127.1471273,송파구
534,대교약국,700.0,2300.0,37.5397641,126.9473823,마포구
535,온누리배명약국,1100.0,2200.0,37.4984052,127.0993862,송파구
536,자연약국,1900.0,2200.0,37.4851816,127.0186503,서초구
537,유경약국,900.0,2200.0,37.4938791,126.9860708,서초구
538,구심약국,900.0,2200.0,37.4940274,126.98455459999998,서초구
539,서초당약국,1030.0,1930.0,37.4914131,127.0137673,서초구
540,그린약국,900.0,1400.0,37.4878195,127.02688059999998,서초구
541,세계로약국,1100.0,2100.0,37.4797819,126.9821548,서초구
542,건강과행복이열리는약국,1300.0,2130.0,37.4943655,127.015124,서초구
543,굿모닝약국,900.0,2200.0,37.5041299,127.0030692,서초구
544,우리들약국,900.0,2230.0,37.5021218,127.0120092,서초구
545,곰돌이스타약국,900.0,1900.0,37.50132470000001,127.0254986,서초구
546,서초삼성약국,900.0,1800.0,37.4955719,127.0270752,서초구
547,신오약국,1300.0,2100.0,37.4989982,127.02593600000002,서초구
548,서초로하스약국,1000.0,1700.0,37.4852381,127.0156973,서초구
549,킴스약국,1000.0,2000.0,37.5102313,127.0069616,서초구
550,자이프라자약국,900.0,1400.0,37.5071093,127.0098804,서초구
551,영동프라자약국,1100.0,1900.0,37.5084699,127.0220996,서초구
552,현대영약국,900.0,1530.0,37.4963126,127.0278447,서초구
553,두리약국,900.0,1300.0,37.4925425,127.0292585,서초구
554,신명성약국,900.0,1900.0,37.4987062,126.99855990000002,서초구
555,방배대한약국,1000.0,1630.0,37.4869655,126.9827324,서초구
556,녹십자약국,900.0,2200.0,37.48881110000001,126.9925406,서초구
557,교대사랑약국,830.0,2130.0,37.49523789999999,127.0180743,서초구
558,에이티약국,1300.0,1700.0,37.4786708,127.0366274,서초구
559,금강약국,1300.0,1800.0,37.52602540000001,127.0246603,강남구
560,삼우약국,1000.0,2100.0,37.4885214,127.0674325,강남구
561,베스트약국,1800.0,2230.0,37.4977707,127.0567615,강남구
562,양월약국,900.0,1900.0,37.4887105,127.0681053,강남구
563,서이약국,1000.0,1700.0,37.4887091,127.0532038,강남구
564,대치필리아약국,1400.0,2200.0,37.497729,127.054481,강남구
565,건강한세상행복한약국,0.0,2400.0,37.5058792,127.0242552,강남구
566,동명온누리약국,1000.0,2100.0,37.4978042,127.0526264,강남구
567,인선약국,1000.0,1800.0,37.521986,127.0391673,강남구
568,호원약국,1800.0,2200.0,37.5084972,127.0404872,강남구
569,케이팜약국,930.0,1700.0,37.49710779999999,127.0547704,강남구
570,명옥약국,1000.0,2100.0,37.5278022,127.0304445,강남구
571,에이엔씨약국,1000.0,2000.0,37.5194669,127.0288329,강남구
572,강남프라자약국,1000.0,2200.0,37.516535,127.03832549999998,강남구
573,성모약국,930.0,1900.0,37.48883259999999,127.071487,강남구
574,온누리우인약국,1000.0,1700.0,37.49029779999999,127.08129,강남구
575,행복한미래약국,730.0,1200.0,37.5162026,127.0350187,강남구
576,논현수약국,1500.0,2000.0,37.4972705,127.0502289,강남구
577,압구정스타약국,1200.0,2100.0,37.5248302,127.0253728,강남구
578,한솔인유로온누리약국,1000.0,1300.0,37.4992239,127.048424,강남구
579,역삼이화약국,1400.0,1800.0,37.4957269,127.0396271,강남구
580,유니팜서울약국,1000.0,1800.0,37.4987872,127.0289786,강남구
581,청담수약국,900.0,1900.0,37.5183881,127.04661740000002,강남구
582,청담이화약국,900.0,2200.0,37.5161739,127.04345890000002,강남구
583,강남백세약국,1100.0,1900.0,37.4980721,127.0595341,강남구
584,도심공항약국,800.0,1800.0,37.5095948,127.0594292,강남구
585,태양약국,1000.0,1800.0,37.5253244,127.02532,강남구
586,더블유수약국,1100.0,2100.0,37.528674,127.0360132,강남구
587,신사수약국,1030.0,1830.0,37.5247342,127.0274998,강남구
588,건강한세상행복한약국,0.0,2400.0,37.5016208,127.0407561,강남구
589,팜엑스약국,1000.0,2200.0,37.5101935,127.0585824,강남구
590,아이조은약국,930.0,1330.0,37.514916,127.0526194,강남구
591,논현필리아약국,1000.0,1900.0,37.5137306,127.0422707,강남구
592,메디칼청실약국,1100.0,2100.0,37.49312949999999,127.059154,강남구
593,나무약국,900.0,1300.0,37.5009285,127.05097759999998,강남구
594,해맑은약국,1300.0,2000.0,37.4860446,127.0376863,강남구
595,강남세계로약국,1030.0,1900.0,37.4751724,127.0475668,강남구
596,강남웰약국,1000.0,2030.0,37.5012747,127.0266415,강남구
597,강남조은약국,930.0,1330.0,37.4853251,127.0377431,강남구
598,기쁨약국,1000.0,2200.0,37.4786308,127.04770159999998,강남구
599,제일그랜드약국,600.0,3000.0,37.5050679,127.024656,강남구
600,아로마약국,830.0,1300.0,37.4978179,127.0428054,강남구
601,외대조은약국,1000.0,2400.0,37.5797234,127.0372246,동대문구
602,봄봄약국,900.0,1400.0,37.540738,127.14728259999998,강동구
603,다정약국,900.0,1600.0,37.6061625,127.01484779999998,성북구
604,한결약국,800.0,1900.0,37.5238621,126.8752908,양천구
605,치료의빛예은약국,900.0,2230.0,37.5666572,127.0795786,광진구
606,베네시티약국,900.0,1800.0,37.540481,127.1249608,강동구
607,삼화약국,1000.0,2000.0,37.5808208,127.0457652,동대문구
608,미소온누리약국,1200.0,1900.0,37.4803223,126.9145088,관악구
609,아이사랑태평양약국,900.0,1700.0,37.5110915,126.880756,구로구
610,가족건강약국,900.0,2000.0,37.511377,126.9317385,동작구
611,상암월드약국,1000.0,2230.0,37.5677584,126.8981147,마포구
612,새보람약국,1000.0,1800.0,37.5268013,126.8959163,영등포구
613,노바약국,1400.0,2200.0,37.5074696,127.0272194,강남구
614,종로우리약국,800.0,2200.0,37.5706553,127.0000414,종로구
615,아이파크약국,900.0,1400.0,37.4799889,127.1436724,송파구
616,고연뿌리약국,900.0,2200.0,37.4892201,126.992214,서초구
617,상산약국,900.0,2200.0,37.56580020000001,127.0200953,중구
618,소아제일약국,900.0,1800.0,37.55410639999999,126.9684622,용산구
619,마곡프라자약국,1000.0,1300.0,37.5668471,126.8189628,강서구
620,씨티약국,1000.0,2000.0,37.4997597,127.0271441,강남구
621,압구정온누리약국,1100.0,1700.0,37.5264815,127.0276344,강남구
622,길동보룡약국,900.0,2200.0,37.537658500000006,127.140232,강동구
623,까치프라자약국,900.0,2100.0,37.5495419,126.835914,강서구
624,참조은약국,930.0,1600.0,37.5426383,126.9518887,마포구
625,마곡하나약국,900.0,1400.0,37.5535944,126.8412653,강서구
626,정문약국,900.0,1800.0,37.6140365,127.0976311,중랑구
627,아이사랑약국,900.0,1300.0,37.6639295,127.0662693,노원구
628,메디팜더미소약국,900.0,2100.0,37.4779201,127.12718429999998,송파구
629,굿약국,1000.0,1900.0,37.4999834,127.0259797,서초구
630,새잠실365약국,900.0,1300.0,37.5119423,127.0870254,송파구
631,제인약국,900.0,1300.0,37.5886642,126.9447635,서대문구
632,참약사약국,900.0,1330.0,37.6011247,127.0338991,성북구
633,하나로약국,1000.0,2100.0,37.4629917,127.0434134,서초구
634,서초늘봄약국,1000.0,2200.0,37.4908523,127.0057607,서초구
635,참약국,1030.0,2300.0,37.5545666,126.9296725,마포구
636,delight이화약국,1400.0,2100.0,37.5510032,126.9118748,마포구
637,세계약국,1000.0,2130.0,37.5608373,126.9770665,중구
638,모래내약국,1000.0,2000.0,37.56954860000001,126.9149256,서대문구
639,햇빛약국,800.0,1400.0,37.5412413,126.9489446,마포구
640,한성약국,900.0,1400.0,37.57539379999999,127.0548231,동대문구
641,맑은샘약국,900.0,1400.0,37.5528666,127.0223753,성동구
642,참플러스약국,900.0,1200.0,37.5118576,127.112796,송파구
643,유정온누리약국,900.0,1400.0,37.49747079999999,126.9207916,동작구
644,수산약국,1000.0,2200.0,37.5144828,126.9370209,동작구
645,호호약국,1300.0,2200.0,37.4842235,126.9276952,관악구
646,양모약국,1000.0,2100.0,37.5065865,126.9047229,영등포구
647,숭인약국,1100.0,2100.0,37.6278488,127.0227875,강북구
648,구룡약국,930.0,1330.0,37.51880900000001,126.8636099,양천구
649,i튼튼약국,900.0,1600.0,37.6710279,127.0529519,노원구
650,삼성약국,900.0,1400.0,37.5988352,127.0220935,성북구
651,편안한약국,830.0,1300.0,37.58025170000001,127.0887982,중랑구
652,명동명약국,930.0,2130.0,37.5667752,126.9794837,중구
653,휴베이스다정약국,1000.0,2200.0,37.4762755,126.9647868,관악구
654,월드중앙약국,1000.0,1900.0,37.5177414,127.1016565,송파구
655,초이스약국,900.0,1900.0,37.4963126,127.0278447,서초구
656,온유약국,800.0,2000.0,37.5711641,127.0005429,종로구
657,새롬약국,900.0,1400.0,37.5071579,127.0913749,송파구
658,아이메디칼약국,900.0,1700.0,37.6070666,127.0299269,성북구
659,별담은온누리약국,900.0,1400.0,37.5244579,126.9076599,영등포구
660,소나무약국,1000.0,2200.0,37.6466623,127.0709672,노원구
661,솔빛동양약국,1400.0,2000.0,37.48730020000001,127.051556,강남구
662,삼일약국,800.0,1900.0,37.6250526,127.0180798,강북구
663,창대온누리약국,1030.0,2200.0,37.5485227,126.8651393,양천구
664,삼희약국,900.0,1300.0,37.5264555,126.965707,용산구
665,밝은미소약국,900.0,2000.0,37.48610350000001,126.9472808,관악구
666,가까운약국,840.0,1400.0,37.48610350000001,126.9472808,관악구
667,서리풀약국,1000.0,1800.0,37.4864621,127.0209426,서초구
668,한성약국,900.0,1400.0,37.5094191,127.0130498,서초구
669,엄약국,1000.0,2000.0,37.5712497,127.002988,종로구
670,은평자연약국,1400.0,2100.0,37.6130966,126.91438490000002,은평구
671,아이사랑약국,1000.0,1700.0,37.4530099,126.9017478,금천구
672,곰돌이스타약국,900.0,1900.0,37.491914,126.9904974,서초구
673,서초제일약국,1100.0,2000.0,37.4839396,126.99555490000002,서초구
674,종로5가미래약국,900.0,2000.0,37.57117179999999,127.0012401,종로구
675,매일여는온누리약국,900.0,2400.0,37.5046802,127.0877732,송파구
676,송파제일약국,1300.0,1900.0,37.5114778,127.1126195,송파구
677,가산약국,900.0,1900.0,37.4760881,126.8931252,금천구
678,365일팜코리아약국,1000.0,1900.0,37.6698686,127.0432761,도봉구
679,창신사랑온누리약국,1000.0,1300.0,37.5768766,127.0152236,종로구
680,난곡비타민약국,900.0,1900.0,37.4749083,126.9166153,관악구
681,천사약국,800.0,1900.0,37.5494023,126.9143203,마포구
682,조약국,1000.0,2200.0,37.57451079999999,127.0387578,동대문구
683,민트약국,1000.0,2200.0,37.4982529,126.8727381,구로구
684,종로온누리약국,830.0,2100.0,37.57184520000001,127.0104775,종로구
685,뉴프라임약국,900.0,2200.0,37.50450379999999,127.1402677,송파구
686,마장백화점약국,800.0,2200.0,37.576145,127.0387254,동대문구
687,교보약국,930.0,1830.0,37.4812977,126.9534075,관악구
688,늘한마음약국,900.0,2200.0,37.6549923,127.0599384,노원구
689,유연약국,1400.0,1600.0,37.5549336,127.03674270000002,성동구
690,테헤란건강약국,1600.0,2000.0,37.5035313,127.0510544,강남구
691,건강밝은약국,1000.0,1300.0,37.61073250000001,126.9288012,은평구
692,상봉햇살약국,1000.0,2000.0,37.618692,127.1047136,중랑구
693,광주약국,900.0,2200.0,37.4879317,126.98193,동작구
694,신이화약국,1000.0,2200.0,37.5644208,127.0521129,성동구
695,대우약국,930.0,1300.0,37.4811834,126.8389507,구로구
696,365미소약국,900.0,2100.0,37.6410554,126.9212098,은평구
697,성모약국,1000.0,2000.0,37.5049946,126.9462477,동작구
698,활기찬약국,900.0,1300.0,37.6576781,127.0747252,노원구
699,수태평양약국,900.0,2100.0,37.4979909,126.856915,구로구
700,에메랄드약국,1000.0,2200.0,37.51681470000001,127.0221321,강남구
701,우리사랑약국,1000.0,1900.0,37.599673,126.91986509999998,은평구
702,경창약국,1400.0,2200.0,37.524414,126.8415063,양천구
703,서울위드팜약국,1100.0,1800.0,37.5818924,127.0016664,종로구
704,보라매미소약국,900.0,1600.0,37.5001939,126.9128486,영등포구
705,365열린약국,1000.0,2300.0,37.4864085,126.9472347,관악구
706,연세우리약국,900.0,2100.0,37.5607123,127.0359967,성동구
707,대원사약국,1000.0,2000.0,37.6013476,127.0779816,중랑구
708,구명약국,1000.0,1930.0,37.47629910000001,126.9769154,관악구
709,세곡온누리약국,900.0,2300.0,37.46666679999999,127.0985713,강남구
710,신길약국,800.0,1800.0,37.5124559,126.9169347,영등포구
711,하나약국,930.0,1900.0,37.6418798,126.9222445,은평구
712,가든건강약국,1000.0,1700.0,37.47740170000001,127.1225141,송파구
713,건강한약국,1300.0,2100.0,37.616906,127.0629135,노원구
714,미아역온누리약국,1100.0,1600.0,37.6280332,127.025146,강북구
715,인정약국,930.0,1300.0,37.4912666,126.8404118,구로구
716,스마트약국,1030.0,130.0,37.5674458,127.0080556,중구
717,정릉열린약국,1630.0,2200.0,37.6083314,127.0103319,성북구
718,디엠씨4번출구약국,900.0,1800.0,37.58350799999999,126.896486,은평구
719,해피홈약국,900.0,1300.0,37.4926974,127.1455368,송파구
720,정릉약국,830.0,2030.0,37.60849870000001,127.0097622,성북구
721,아현파란문약국,1200.0,1800.0,37.5577978,126.9554328,서대문구
722,태평양온누리약국,900.0,2100.0,37.5212075,126.8558538,양천구
723,정성약국,900.0,1330.0,37.5755998,127.04760690000002,동대문구
724,크로바약국,830.0,1830.0,37.5897489,127.0622531,동대문구
725,서초메이플약국,1730.0,2130.0,37.48671220000001,127.031016,서초구
726,365열린약국,830.0,2230.0,37.4938656,126.8581879,구로구
727,구로참조은약국,900.0,1300.0,37.4825185,126.9005188,구로구
728,조일약국,1400.0,2200.0,37.5863513,127.0096594,성북구
729,강동정문약국,1300.0,1700.0,37.5367598,127.1347602,강동구
730,늘한마음약국,900.0,2200.0,37.6646244,127.065958,노원구
731,힘찬약국,830.0,1800.0,37.4892294,126.89867,영등포구
732,마트온누리약국,1000.0,2230.0,37.5257763,126.8703272,양천구
733,생각하는약국,1700.0,2000.0,37.4473672,127.0553225,서초구
734,굿약국,1200.0,2200.0,37.5638919,126.9849166,중구
735,맑은약국,900.0,1300.0,37.6350842,126.92361499999998,은평구
736,하이팜약국,1000.0,2200.0,37.6375145,126.91779040000002,은평구
737,아성당약국,900.0,2100.0,37.47266810000001,127.0276288,서초구
738,코코약국,1100.0,2100.0,37.5658831,126.9839659,중구
739,경희고황약국,1000.0,1900.0,37.5931286,127.0524226,동대문구
740,문정우리들약국,1000.0,1600.0,37.4857743,127.12050159999998,송파구
741,정성온누리약국,900.0,1430.0,37.5549336,127.03674270000002,성동구
742,라파온누리약국,830.0,2030.0,37.634,127.0416651,도봉구
743,천지당약국,1000.0,1800.0,37.4907935,126.9074899,영등포구
744,고연뿌리약국,900.0,2200.0,37.5065978,127.0054105,서초구
745,중앙제일약국,1000.0,2100.0,37.5221439,126.8745405,양천구
746,명동하이약국,1200.0,2300.0,37.56485960000001,126.9844949,중구
747,라온365온누리약국,900.0,1900.0,37.54125820000001,126.8400723,강서구
748,옵티마서울약국,900.0,1300.0,37.5554652,126.9737482,중구
749,압구정예주약국,900.0,2230.0,37.5084658,127.0271657,강남구
750,홍릉종로약국,900.0,1800.0,37.5854154,127.0432315,동대문구
751,우리들위생약국,900.0,1800.0,37.5896747,127.0619789,동대문구
752,상봉햇살약국,1000.0,2000.0,37.596438,127.0935903,중랑구
753,노들약국,1100.0,2200.0,37.5134185,126.944644,동작구
754,창신종로약국,900.0,2100.0,37.5737181,127.0104369,종로구
755,예사랑약국,1200.0,1800.0,37.5173454,126.98516399999998,용산구
756,한겨레약국,1000.0,1900.0,37.6182912,126.91970790000002,은평구
757,상아약국,900.0,1930.0,37.6215279,127.0276699,강북구
758,합정파란문약국,1000.0,2100.0,37.54959270000001,126.9121968,마포구
759,보현약국,900.0,1500.0,37.50016859999999,126.9147011,영등포구
760,승보약국,1000.0,1900.0,37.5702859,126.9956971,종로구
761,현대온누리약국,900.0,2100.0,37.5184105,126.97785659999998,용산구
762,덕수약국,900.0,1200.0,37.6066393,127.0955549,중랑구
763,새암온누리약국,1300.0,1800.0,37.6356724,127.02387579999998,강북구
764,한미약국,1130.0,1830.0,37.569332,126.9152706,서대문구
765,신월우리약국,900.0,1330.0,37.52408300000001,126.8415646,양천구
766,엄마약국,900.0,1300.0,37.6156615,127.0305429,강북구
767,더샾스타시티약국,900.0,2300.0,37.5376127,127.0726183,광진구
