,약국명,공휴일 시작,공휴일 종료,위도,경도,구별
0,국일약국,1200.0,2000.0,37.5695341,126.9884726,종로구
1,민약국,1300.0,2100.0,37.5748925,126.9708473,종로구
2,종근당약국,900.0,2000.0,37.5707431,127.0032834,종로구
3,백수약국,800.0,2100.0,37.57124279999999,127.0037726,종로구
4,한독약국,930.0,2130.0,37.5805352,127.0044164,종로구
5,열린약국,700.0,1800.0,37.5706784,127.0003241,종로구
6,충신약국,800.0,2100.0,37.5739991,127.00677659999998,종로구
7,경일약국,900.0,2100.0,37.60533510000001,126.9668582,종로구
8,동시약국,800.0,1900.0,37.57059279999999,127.0002143,종로구
9,유성약국,830.0,1930.0,37.5706935,127.0022143,종로구
10,동아약국,1000.0,1900.0,37.57056499999999,126.9990577,종로구
11,연합약국,800.0,1900.0,37.5605395,126.9850662,중구
12,새삼성약국,1200.0,1700.0,37.5607238,126.9776002,중구
13,새원약국,1100.0,2100.0,37.56372929999999,126.9852878,중구
14,인우약국,900.0,2100.0,37.5589283,126.96594650000002,중구
15,정원약국,1100.0,2200.0,37.5636675,126.9776064,중구
16,장수약국,900.0,1700.0,37.5652265,127.0195821,중구
17,부일약국,900.0,2100.0,37.5627334,127.0131064,중구
18,남시약국,900.0,1800.0,37.5607285,126.9777281,중구
19,종로백제약국,1000.0,1830.0,37.5712211,127.0039744,종로구
20,부광약국,900.0,1930.0,37.5712049,127.0025981,종로구
21,하트약국,1200.0,2000.0,37.58266589999999,127.0021429,종로구
22,보령약국,900.0,1700.0,37.5713013,127.0004652,종로구
23,신세계약국,1400.0,2100.0,37.5700969,126.9913845,종로구
24,백수약국,800.0,2100.0,37.5716991,127.00131770000002,종로구
25,다산온누리약국,1000.0,2000.0,37.5558422,127.0109529,중구
26,소아제일약국,830.0,1800.0,37.53321700000001,127.0047222,용산구
27,수약국,800.0,1300.0,37.5396294,126.9608563,용산구
28,새인선약국,900.0,2200.0,37.5459875,127.0541717,성동구
29,부일약국,600.0,1800.0,37.55893,127.0368788,성동구
30,새인선약국,900.0,2200.0,37.5514251,127.0678489,성동구
31,신라약국,1100.0,2200.0,37.5500942,127.0670382,성동구
32,연세우리약국,900.0,2100.0,37.5388191,127.0473621,성동구
33,정민약국,1100.0,2300.0,37.5677999,127.0506845,성동구
34,보람약국,900.0,1300.0,37.54011759999999,127.0163862,성동구
35,신세계약국,700.0,2000.0,37.5366902,127.0575116,성동구
36,대중약국,900.0,2130.0,37.5644667,127.0280634,성동구
37,서울약국,900.0,1900.0,37.5691167,126.9758034,중구
38,명동하이약국,1000.0,2300.0,37.5651142,126.9839311,중구
39,백두산약국,900.0,2300.0,37.5462755,127.0440499,성동구
40,비트플렉스약국,1030.0,2130.0,37.5621482,127.03794209999998,성동구
41,스마일온누리약국,1000.0,2200.0,37.5399389,127.0531674,성동구
42,유명한약국,830.0,2030.0,37.5483456,127.021881,성동구
43,신효창프라자약국,800.0,1300.0,37.5395573,126.96106670000002,용산구
44,보광프라자약국,900.0,1900.0,37.527235,126.9996098,용산구
45,임상약국,900.0,2100.0,37.52783779999999,126.9545621,용산구
46,수복약국,730.0,2400.0,37.5392214,126.9575013,용산구
47,보현온누리약국,1000.0,2000.0,37.5458724,126.9850682,용산구
48,구온누리약국,1000.0,1300.0,37.5512938,126.9625504,용산구
49,서울중앙약국,700.0,2300.0,37.5490645,126.9704658,용산구
50,한국약국,1000.0,2000.0,37.5185268,126.9806796,용산구
51,종로프라자약국,1000.0,2300.0,37.5288539,126.9640447,용산구
52,옵티마뚝도시장약국,1000.0,2200.0,37.53745410000001,127.0540995,성동구
53,금성약국,1000.0,1900.0,37.5376448,127.0836627,광진구
54,초원약국,900.0,1800.0,37.535315,127.09339140000002,광진구
55,온누리강변프라자약국,900.0,1800.0,37.5373373,127.09767240000002,광진구
56,비전약국,900.0,2000.0,37.5389211,127.06680520000002,광진구
57,새성수약국,1100.0,2300.0,37.58071760000001,127.05163229999998,동대문구
58,외대조은약국,1000.0,2400.0,37.5764921,127.0604586,동대문구
59,신종로사약국,900.0,2000.0,37.5946019,127.06521,동대문구
60,봄약국,900.0,2200.0,37.5329216,127.0759214,광진구
61,중곡종로약국,1000.0,2100.0,37.5575847,127.0881598,광진구
62,삼육오약국,1000.0,1900.0,37.5401601,127.0631631,광진구
63,온누리메디칼약국,900.0,2200.0,37.5405784,127.0676377,광진구
64,더클래식약국,900.0,2400.0,37.5387765,127.0710831,광진구
65,광해약국,1000.0,1700.0,37.55623370000001,127.0792995,광진구
66,동서울약국,830.0,2200.0,37.5333713,127.0933675,광진구
67,완미약국,930.0,2400.0,37.5448201,127.08543190000002,광진구
68,더샾스타시티약국,900.0,2300.0,37.5383305,127.07510220000002,광진구
69,종우약국,1000.0,2000.0,37.549802,127.0697372,광진구
70,중부고속약국,700.0,2100.0,37.5333713,127.0933675,광진구
71,에스케이행복약국,900.0,1300.0,37.5764921,127.0604586,동대문구
72,연수당약국,900.0,1900.0,37.5764234,127.0313417,동대문구
73,남지약국,930.0,2100.0,37.5668809,127.0599194,동대문구
74,서생당약국,900.0,1800.0,37.5749819,127.0469616,동대문구
75,세광약국,700.0,2030.0,37.57947520000001,127.042044,동대문구
76,행복한정약국,800.0,1900.0,37.60336420000001,127.0622216,동대문구
77,이문우량아약국,830.0,1900.0,37.6032986,127.0655384,동대문구
78,하늘후문약국,900.0,1530.0,37.5841265,127.0494197,동대문구
79,새우정약국,1000.0,2000.0,37.61384899999999,127.0759618,중랑구
80,가나안약국,900.0,2130.0,37.5906831,127.07754479999998,중랑구
81,상아약국,830.0,1930.0,37.5950066,127.1002367,중랑구
82,새대우약국,900.0,2100.0,37.6064225,127.078833,중랑구
83,세화당약국,1130.0,2230.0,37.59936920000001,127.0764867,중랑구
84,성지약국,1730.0,2230.0,37.6174917,127.0821762,중랑구
85,원플러스약국,900.0,2300.0,37.6157539,127.0937534,중랑구
86,건명약국,920.0,1800.0,37.589608,127.0870355,중랑구
87,면목백화점약국,900.0,2230.0,37.58102179999999,127.0935553,중랑구
88,바른성심약국,900.0,1300.0,37.5960691,127.0999045,중랑구
89,팜코리아약국,900.0,1900.0,37.58318970000001,127.08864579999998,중랑구
90,큰사랑약국,900.0,1800.0,37.59983370000001,127.0979,중랑구
91,통일로약국,830.0,1800.0,37.5902506,127.0970091,중랑구
92,덕수약국,900.0,1200.0,37.5971532,127.0757912,중랑구
93,태릉프라자약국,1500.0,1900.0,37.5982954,127.076905,중랑구
94,엔파트약국,900.0,1500.0,37.5939234,127.0749298,중랑구
95,무궁화약국,900.0,2200.0,37.5794549,127.087121,중랑구
96,수성약국,1000.0,1800.0,37.6092166,127.0946652,중랑구
97,새봉화약국,900.0,1400.0,37.61639470000001,127.0926039,중랑구
98,새우정약국,1000.0,2000.0,37.5994539,127.0997267,중랑구
99,새우림약국,1600.0,2130.0,37.5986427,127.0975679,중랑구
100,백세약국,900.0,2200.0,37.6066393,127.0955549,중랑구
101,3층엠코약국,900.0,1800.0,37.5977195,127.0932913,중랑구
102,튼튼약국,1500.0,2200.0,37.5838499,127.0884928,중랑구
103,수진약국,800.0,2000.0,37.6143669,127.0534274,성북구
104,새민우약국,900.0,2200.0,37.5993837,127.0182666,성북구
105,동부약국,1000.0,1900.0,37.6093646,127.0241008,성북구
106,모당약국,1600.0,2000.0,37.5963256,127.015127,성북구
107,세원약국,900.0,2300.0,37.5937325,127.0188153,성북구
108,온누리민우약국,1300.0,2100.0,37.6106761,127.0606347,성북구
109,대영약국,800.0,2100.0,37.5991396,127.036201,성북구
110,화성약국,830.0,2200.0,37.6085364,127.0358646,성북구
111,자산약국,900.0,1900.0,37.6043904,127.0394652,성북구
112,태평양약국,830.0,2000.0,37.6113927,127.0091032,성북구
113,정주약국,1200.0,1800.0,37.6076801,127.0361554,성북구
114,영생약국,930.0,2100.0,37.5943878,127.0339239,성북구
115,수보약국,900.0,2000.0,37.6087671,127.0080315,성북구
116,정인약국,1400.0,1800.0,37.6023816,127.0158976,성북구
117,월곡약국,900.0,2130.0,37.6025504,127.0415568,성북구
118,계산온누리약국,1500.0,2200.0,37.59062340000001,127.0170138,성북구
119,365약국,900.0,2100.0,37.6085892,127.0294443,성북구
120,새국민약국,1000.0,1700.0,37.6029449,127.0420987,성북구
121,인정온누리약국,900.0,1500.0,37.5854352,127.0101732,성북구
122,옵티마대우미약국,800.0,2100.0,37.5889646,127.0063694,성북구
123,한미약국,1000.0,1900.0,37.5989002,127.0342472,성북구
124,성북월드팜약국,900.0,2100.0,37.6092663,127.0524388,성북구
125,유림당약국,900.0,1900.0,37.653293,127.0407996,도봉구
126,수유동약국,1000.0,2100.0,37.63632980000001,127.0227421,강북구
127,소원약국,900.0,2100.0,37.62683300000001,127.025582,강북구
128,서울진약국,900.0,1300.0,37.646729,127.01768909999998,강북구
129,우림약국,900.0,2130.0,37.6452213,127.01582340000002,강북구
130,요나약국,900.0,2100.0,37.6193356,127.0206844,강북구
131,인수약국,900.0,2000.0,37.6400855,127.0122653,강북구
132,송도약국,900.0,1830.0,37.63846820000001,127.02571100000002,강북구
133,이원약국,800.0,2300.0,37.6251016,127.0185515,강북구
134,직영약국,900.0,2000.0,37.6305217,127.0234878,강북구
135,늘푸른약국,900.0,2000.0,37.6125471,127.033347,강북구
136,한사랑온누리약국,900.0,1600.0,37.6322927,127.013805,강북구
137,밝은온누리약국,1000.0,1300.0,37.62089810000001,127.0203739,강북구
138,생수당약국,900.0,2100.0,37.6252206,127.0322019,강북구
139,건강비타민약국,900.0,2100.0,37.62495790000001,127.0187199,강북구
140,선영약국,900.0,2030.0,37.64598220000001,127.0195505,강북구
141,선영약국,900.0,2030.0,37.6479885,127.0161631,강북구
142,늘푸른약국,900.0,2000.0,37.63094810000001,127.0175434,강북구
143,길약국,830.0,1900.0,37.63036779999999,127.023074,강북구
144,조아약국,900.0,1900.0,37.61479740000001,127.0293444,강북구
145,봄약국,900.0,1300.0,37.6224102,127.0300782,강북구
146,삼성약국,900.0,2100.0,37.6451106,127.0199495,강북구
147,백운약국,1300.0,1900.0,37.64743370000001,127.03440220000002,도봉구
148,종로세명약국,1400.0,2300.0,37.6625218,127.032467,도봉구
149,이화태평양약국,900.0,2100.0,37.6391474,127.0382089,도봉구
150,창동종로약국,800.0,1930.0,37.65269960000001,127.0469574,도봉구
151,보화당약국,830.0,2200.0,37.6529434,127.0506023,도봉구
152,방학약국,900.0,2200.0,37.6696209,127.0432872,도봉구
153,태양약국,900.0,2000.0,37.6486098,127.0343291,도봉구
154,신프라자약국,900.0,1800.0,37.6401154,127.0391323,도봉구
155,오약국,930.0,1500.0,37.66756640000001,127.0454944,도봉구
156,수락프라자약국,900.0,2200.0,37.67741609999999,127.054858,노원구
157,인덕약국,1230.0,1800.0,37.6308761,127.06104209999998,노원구
158,다정약국,900.0,2100.0,37.6574623,127.0786935,노원구
159,당고개약국,900.0,2100.0,37.6708273,127.0799769,노원구
160,오피앙약국,900.0,2100.0,37.6802689,127.05486940000002,노원구
161,노원종로약국,830.0,1900.0,37.62825220000001,127.0719634,노원구
162,나현약국,1000.0,2230.0,37.6563873,127.06961409999998,노원구
163,새고운약국,1000.0,1900.0,37.6196709,127.074629,노원구
164,i튼튼약국,900.0,1600.0,37.6244964,127.0729685,노원구
165,종로프라자약국,1200.0,2100.0,37.6493827,127.0615412,노원구
166,목원약국,900.0,2000.0,37.67141289999999,127.0799686,노원구
167,봄약국,900.0,1400.0,37.6530156,127.0613085,노원구
168,성심온누리약국,900.0,2130.0,37.6184726,127.0626469,노원구
169,하님약국,900.0,2130.0,37.6611031,127.0708473,노원구
170,장생약국,1100.0,2100.0,37.6387354,127.0624762,노원구
171,자인당약국,900.0,2330.0,37.6548001,127.0642032,노원구
172,화랑대약국,930.0,1800.0,37.62078169999999,127.0836072,노원구
173,신동아약국,1000.0,2230.0,37.62644,127.0619091,노원구
174,새하늘약국,1030.0,2230.0,37.6498393,127.06128390000002,노원구
175,유림약국,900.0,2200.0,37.671993,127.0567903,노원구
176,참말로친절한약국,1200.0,2100.0,37.6542772,127.0575947,노원구
177,서부약국,1000.0,2100.0,37.6668466,127.056826,노원구
178,석계태평양약국,900.0,1500.0,37.6146462,127.06347990000002,노원구
179,새하늘약국,1030.0,2230.0,37.64669749999999,127.0657247,노원구
180,상계하나로약국,900.0,2200.0,37.6648563,127.0670284,노원구
181,희망약국,1100.0,2100.0,37.671993,127.0567903,노원구
182,경하프라자약국,900.0,2100.0,37.6119564,126.91561000000002,은평구
183,메디팜경약국,900.0,2000.0,37.5936882,126.91995049999998,은평구
184,장수약국,900.0,1900.0,37.5939416,126.9183004,은평구
185,신일약국,1000.0,2200.0,37.6007199,126.9256844,은평구
186,남대문약국,1000.0,2000.0,37.6231885,126.9174678,은평구
187,구룡약국,800.0,2000.0,37.5911057,126.9469472,서대문구
188,가족건강약국,900.0,2000.0,37.5071231,126.9622493,동작구
189,성대약국,900.0,2100.0,37.4999898,126.93255220000002,동작구
190,노량진종로약국,900.0,1400.0,37.4896278,126.98060320000002,동작구
191,사러가약국,1000.0,2100.0,37.5671033,126.9296369,서대문구
192,메디팜서울약국,930.0,1900.0,37.5150053,126.8616021,양천구
193,건강약국,900.0,2000.0,37.5324062,126.8334548,양천구
194,가까운온누리약국,1300.0,2100.0,37.5173729,126.8653092,양천구
195,새비타민약국,900.0,1900.0,37.4984455,126.9336632,동작구
196,새보라매약국,1000.0,1800.0,37.4923628,126.9253318,동작구
197,한신약국,800.0,1900.0,37.5850354,126.9474505,서대문구
198,대유약국,900.0,2130.0,37.5818166,126.9358604,서대문구
199,현우약국,930.0,2200.0,37.5555413,126.9362297,서대문구
200,건강약국,830.0,1600.0,37.57666270000001,126.92304140000002,서대문구
201,새무지개약국,900.0,1300.0,37.5210264,126.8521472,양천구
202,수정약국,900.0,1330.0,37.5208002,126.8528758,양천구
203,행복이열리는건강약국,1200.0,1700.0,37.5009476,126.9499507,동작구
204,건강온누리약국,900.0,2000.0,37.5049188,126.9411015,동작구
205,사당프라자약국,900.0,1700.0,37.4832665,126.9732338,동작구
206,사당소화약국,1200.0,1800.0,37.4771402,126.9811313,동작구
207,인왕약국,800.0,2030.0,37.59101679999999,126.943453,서대문구
208,엘리트약국,1000.0,1600.0,37.5556612,126.9371368,서대문구
209,가정약국,900.0,1300.0,37.5466283,126.8720586,양천구
210,에이치약국,1000.0,1300.0,37.5241644,126.8703368,양천구
211,신국경약국,900.0,1200.0,37.5457623,126.8711007,양천구
212,목동세명약국,900.0,2200.0,37.5483491,126.8665826,양천구
213,연성약국,900.0,1300.0,37.5198132,126.8533943,양천구
214,매일여는약국,900.0,2400.0,37.5274468,126.8715522,양천구
215,보생사약국,900.0,2200.0,37.51300360000001,126.92244,영등포구
216,건강약국,830.0,1400.0,37.5290955,126.8984405,영등포구
217,명일마트종로약국,1000.0,2230.0,37.5546516,127.1557517,강동구
218,산들약국,900.0,1900.0,37.5563679,127.1419695,강동구
219,강서홈약국,1000.0,2230.0,37.5584359,126.8547981,강서구
220,바이엘약국,1100.0,2000.0,37.5397112,126.8341286,강서구
221,송약국,1000.0,2000.0,37.5544448,126.8682026,강서구
222,미주약국,900.0,2200.0,37.574644,126.8189919,강서구
223,태령약국,900.0,2000.0,37.5063336,126.9107957,영등포구
224,고은온누리약국,1000.0,1500.0,37.5340445,127.139632,강동구
225,경희프라자약국,850.0,1800.0,37.5422503,127.1308866,강동구
226,강서메디칼약국,900.0,2100.0,37.5424559,126.8441342,강서구
227,장수약국,800.0,2250.0,37.4998635,126.9110152,영등포구
228,세계로약국,930.0,1900.0,37.611782,126.9314614,은평구
229,한림약국,1300.0,2100.0,37.5365511,127.134689,강동구
230,강동정문약국,900.0,1700.0,37.5283515,127.1457028,강동구
231,시민당약국,900.0,2100.0,37.53803920000001,127.1398045,강동구
232,방화프라자약국,1000.0,1900.0,37.5728854,126.8104004,강서구
233,애플약국,900.0,1300.0,37.6350842,126.92361499999998,은평구
234,맑은약국,1000.0,2200.0,37.5302698,126.90173529999998,영등포구
235,래미안온누리약국,1000.0,1700.0,37.5318721,126.9031482,영등포구
236,건강밝은약국,1000.0,1300.0,37.6177686,126.920095,은평구
237,은평자연약국,1400.0,2100.0,37.6208234,126.9172857,은평구
238,불광온누리약국,1030.0,2100.0,37.6108916,126.9299497,은평구
239,정문온누리약국,830.0,2200.0,37.60845870000001,126.93122920000002,은평구
240,노벨온누리약국,1000.0,1800.0,37.6045135,126.9184475,은평구
241,아름다운달과별약국,1200.0,2300.0,37.6190571,126.9201953,은평구
242,국제공항약국,630.0,1930.0,37.555525,126.8067017,강서구
243,상록수약국,900.0,1800.0,37.535566,126.8413169,강서구
244,마곡하늘약국,1100.0,2000.0,37.577303,126.8129837,강서구
245,엄마약국,1100.0,2000.0,37.4950722,126.8973708,영등포구
246,정안약국,830.0,2030.0,37.50136579999999,126.91702820000002,영등포구
247,천사온누리약국,1200.0,1900.0,37.5063001,126.9614927,동작구
248,신중앙약국,1300.0,2400.0,37.5078385,126.9608187,동작구
249,우리온누리약국,900.0,1700.0,37.50354229999999,126.9658614,동작구
250,복지약국,1000.0,2100.0,37.4850615,126.9696181,동작구
251,부산약국,900.0,2000.0,37.4978909,126.934309,동작구
252,다인약국,900.0,1300.0,37.520121,126.8901425,영등포구
253,상록수약국,900.0,2000.0,37.5522768,127.1296204,강동구
254,준온누리약국,1000.0,1400.0,37.5511076,127.1275923,강동구
255,튼튼온누리약국,900.0,1730.0,37.5476646,127.1269648,강동구
256,강동한우리약국,930.0,1930.0,37.5503621,127.1279032,강동구
257,선약국,830.0,1630.0,37.5440064,126.83888,강서구
258,개화약국,900.0,2100.0,37.57287879999999,126.8073293,강서구
259,해뜨는약국,900.0,1300.0,37.5045356,126.9494402,동작구
260,화생약국,900.0,2200.0,37.5119091,126.9355869,동작구
261,노량진종로약국,900.0,1400.0,37.5124253,126.9519018,동작구
262,동광약국,800.0,2200.0,37.4882573,126.9818578,동작구
263,가족건강약국,900.0,2000.0,37.5053511,126.9465209,동작구
264,서남온누리약국,1000.0,1300.0,37.5079235,126.8441348,양천구
265,보람약국,900.0,1300.0,37.54722599999999,126.8367128,강서구
266,새싹약국,1000.0,1400.0,37.5484157,126.8367396,강서구
267,고성희약국,900.0,2200.0,37.44844399999999,126.9088147,금천구
268,대우당약국,1900.0,2200.0,37.4505615,126.906579,금천구
269,시흥프라자약국,900.0,2100.0,37.4594614,126.9047562,금천구
270,녹수프라자약국,900.0,2200.0,37.4657159,126.9017801,금천구
271,고원약국,1000.0,2100.0,37.47680220000001,126.8948117,금천구
272,천우약국,800.0,2030.0,37.519621,126.9072575,영등포구
273,금강온누리약국,900.0,2200.0,37.51730720000001,126.9063931,영등포구
274,윤중약국,900.0,2100.0,37.5213559,126.9249795,영등포구
275,21세기신천지약국,900.0,1800.0,37.5192465,126.9071001,영등포구
276,친절약국,830.0,1330.0,37.5196474,126.9020388,영등포구
277,미주약국,900.0,2200.0,37.561687,126.8098122,강서구
278,남문프라자약국,900.0,2100.0,37.4798346,126.8824997,금천구
279,건강플러스약국,1000.0,2230.0,37.4686493,126.8968106,금천구
280,선화온누리약국,1200.0,2030.0,37.5104348,126.9170284,영등포구
281,강서힐약국,900.0,1800.0,37.5730174,126.808655,강서구
282,녹십자약국,1400.0,2300.0,37.5557665,126.8571546,강서구
283,웰빙국내선약국,700.0,1950.0,37.555525,126.8067017,강서구
284,365그린약국,900.0,1300.0,37.5533911,126.8269055,강서구
285,독산종로약국,900.0,2000.0,37.4788057,126.904051,금천구
286,별장약국,900.0,2330.0,37.4491259,126.9082092,금천구
287,토마스약국,900.0,2130.0,37.4672831,126.8991085,금천구
288,명문당약국,1530.0,2130.0,37.45528570000001,126.900747,금천구
289,신보생약국,900.0,2000.0,37.4750233,126.9009644,금천구
290,삼화약국,900.0,2230.0,37.4500511,126.9040017,금천구
291,경일약국,900.0,2200.0,37.4580789,126.9002585,금천구
292,형제약국,900.0,2230.0,37.451204800000006,126.90872040000002,금천구
293,남문프라자약국,900.0,2100.0,37.4725609,126.89865690000002,금천구
294,예닮약국,900.0,1300.0,37.469756,126.8975031,금천구
295,강서약국,900.0,1600.0,37.5370133,126.8632205,강서구
296,인화약국,1000.0,2100.0,37.51111909999999,126.9451481,동작구
297,상마약국,1030.0,1730.0,37.5232563,126.8758225,양천구
298,내외약국,1000.0,1300.0,37.5182365,126.8417727,양천구
299,보람약국,900.0,1800.0,37.5443602,126.8705255,양천구
300,성심약국,1000.0,1800.0,37.546236500000006,126.877364,양천구
301,영민약국,900.0,1430.0,37.5345944,126.8847018,양천구
302,목동세계로약국,900.0,2100.0,37.52270499999999,126.8766195,양천구
303,목동행복한약국,1000.0,2200.0,37.52070629999999,126.8521193,양천구
304,목동행복한약국,1000.0,2200.0,37.524622,126.8413979,양천구
305,사당소화약국,1200.0,1800.0,37.4983838,126.9210091,동작구
306,진원약국,830.0,2100.0,37.5103197,126.9360913,동작구
307,대영약국,900.0,1300.0,37.5077227,126.9492564,동작구
308,미래팜약국,1000.0,1600.0,37.5567005,126.9241437,마포구
309,태평양약국,900.0,2400.0,37.5527992,126.9239678,마포구
310,더블유스토어연세약국,830.0,1230.0,37.5575783,126.91510490000002,마포구
311,신일약국,1600.0,2240.0,37.5560321,126.9624213,마포구
312,박순영온누리약국,1200.0,1800.0,37.5082021,127.1283034,송파구
313,새건영약국,1000.0,2030.0,37.4821714,127.1263389,송파구
314,금강약국,900.0,1800.0,37.5002877,127.1053521,송파구
315,건우약국,1000.0,2200.0,37.5525157,126.9559139,마포구
316,비온뒤숲속약국,1200.0,2100.0,37.5581472,126.9078145,마포구
317,메디컬성모약국,900.0,2100.0,37.54653890000001,126.9454436,마포구
318,상암월드약국,1000.0,2230.0,37.5853823,126.88218159999998,마포구
319,더블유스토어연세약국,830.0,1230.0,37.5551342,126.9356458,마포구
320,청심약국,1430.0,2100.0,37.5508569,126.90693290000002,마포구
321,이화키즈팜약국,830.0,1330.0,37.5458958,126.9515058,마포구
322,옵티마유한약국,900.0,2000.0,37.5702658,126.9034118,마포구
323,마래푸약국,900.0,1900.0,37.5555758,126.9550258,마포구
324,W스토아청와약국,830.0,2300.0,37.4845387,126.8880108,구로구
325,구로종로약국,1100.0,2100.0,37.49575170000001,126.84256670000002,구로구
326,365열린약국,830.0,2230.0,37.5026074,126.8498258,구로구
327,성인약국,1000.0,2100.0,37.486498,126.8561607,구로구
328,구림약국,830.0,2100.0,37.47962460000001,126.8898519,구로구
329,제정약국,900.0,1800.0,37.4882348,126.9281806,관악구
330,대성약국,900.0,2200.0,37.48818350000001,126.9589166,관악구
331,새태평양온누리약국,1000.0,1800.0,37.4753949,126.9654829,관악구
332,505약국,900.0,2000.0,37.49813820000001,126.8841981,구로구
333,구로종로약국,1100.0,2100.0,37.5025245,126.8496404,구로구
334,정광약국,900.0,2100.0,37.49417920000001,126.8583787,구로구
335,신다정약국,1000.0,1700.0,37.47889770000001,126.9526427,관악구
336,일광약국,830.0,2030.0,37.4868485,126.9175511,관악구
337,대림약국,830.0,30.0,37.4764875,126.9587646,관악구
338,도래약국,1000.0,2200.0,37.4931521,127.1525023,송파구
339,문정우리들약국,1000.0,1600.0,37.5119129,127.1135622,송파구
340,3층메디칼약국,1000.0,1800.0,37.51571970000001,127.1322328,송파구
341,하나메디칼약국,1000.0,1700.0,37.4928214,127.1446138,송파구
342,일번약국,900.0,1730.0,37.5307648,127.112985,송파구
343,시장온누리약국,830.0,2100.0,37.5370915,127.1213535,송파구
344,트리지움자연약국,900.0,1300.0,37.5106681,127.0861994,송파구
345,아침햇살약국,1000.0,2300.0,37.4832997,126.9010965,구로구
346,아침햇살약국,1000.0,2300.0,37.5104893,126.8894187,구로구
347,태양약국,1000.0,2200.0,37.49558250000001,126.8423024,구로구
348,디큐브약국,1100.0,2100.0,37.5084321,126.8887332,구로구
349,두산약국,900.0,1300.0,37.4917902,126.8920319,구로구
350,대림약국,900.0,1300.0,37.5057794,126.88071399999998,구로구
351,성보약국,930.0,1930.0,37.481607200000006,126.9432396,관악구
352,태양당약국,800.0,1800.0,37.4866253,126.9395291,관악구
353,마천푸른솔약국,1000.0,2000.0,37.49816420000001,127.1469278,송파구
354,365바른약국,1100.0,2200.0,37.5119423,127.0870254,송파구
355,나은약국,1100.0,2100.0,37.4919206,126.8892176,구로구
356,조아약국,1000.0,2200.0,37.5023699,126.8814842,구로구
357,태영약국,900.0,1300.0,37.5055816,126.889833,구로구
358,강원약국,900.0,2130.0,37.469084,126.9375555,관악구
359,태평양약국,930.0,2130.0,37.484189,126.9273666,관악구
360,봉천프라자약국,1000.0,2000.0,37.4819264,126.9427614,관악구
361,태평양약국,1000.0,2100.0,37.5078652,127.0879833,송파구
362,그랜드약국,900.0,2000.0,37.5003853,127.1451644,송파구
363,송파그랜드약국,1200.0,2200.0,37.48495379999999,127.1259706,송파구
364,팜플러스약국,900.0,2200.0,37.4956238,127.1220318,송파구
365,수태평양약국,900.0,2100.0,37.5026376,126.84995990000002,구로구
366,대자연약국,1000.0,2200.0,37.54591720000001,127.1335363,강동구
367,강동태평양약국,900.0,2200.0,37.5263296,127.1351805,강동구
368,새아름약국,830.0,2000.0,37.5504248,127.1288335,강동구
369,황제약국,900.0,1300.0,37.5060775,127.1079217,송파구
370,종로광명약국,900.0,2200.0,37.55075520000001,127.1717462,강동구
371,우리들약국,900.0,2430.0,37.5509801,127.1275225,강동구
372,믿음약국,930.0,2230.0,37.4786512,126.956964,관악구
373,혜민약국,900.0,2230.0,37.54322670000001,127.1449175,강동구
374,동현약국,700.0,2400.0,37.5452118,127.14157,강동구
375,봄내약국,1500.0,2200.0,37.4858519,126.9276244,관악구
376,새힘온누리약국,900.0,2030.0,37.5047931,127.1348747,송파구
377,새실로암약국,1000.0,2200.0,37.5499518,127.143503,강동구
378,신연세약국,900.0,1300.0,37.5545309,127.1350844,강동구
379,참사랑약국,1000.0,2100.0,37.4709639,126.9338898,관악구
380,헬로팜약국,1400.0,2300.0,37.5110296,127.0830765,송파구
381,뉴프라임약국,900.0,2200.0,37.494231,127.1177169,송파구
382,가락약국,900.0,1800.0,37.49487560000001,127.1171563,송파구
383,가은약국,900.0,1800.0,37.481578000000006,126.9537258,관악구
384,양생약국,900.0,2300.0,37.4781027,126.9568902,관악구
385,신미소약국,1000.0,2300.0,37.4841828,126.9032353,관악구
386,주평화약국,900.0,2300.0,37.4813753,126.9483523,관악구
387,새조은약국,900.0,1300.0,37.5006069,127.1108662,송파구
388,가든건강약국,1000.0,1700.0,37.50496010000001,127.0847025,송파구
389,온누리대광약국,900.0,1800.0,37.4925953,126.8971845,영등포구
390,중앙약국,700.0,2200.0,37.5154709,126.9066823,영등포구
391,정성온누리약국,1000.0,1700.0,37.4957407,126.90871609999998,영등포구
392,드림약국,1030.0,2200.0,37.517007,126.9041419,영등포구
393,구명약국,930.0,2100.0,37.4895765,126.9255086,관악구
394,새난곡약국,900.0,1300.0,37.4736875,126.9184995,관악구
395,365열린약국,1000.0,2300.0,37.48451170000001,126.9300644,관악구
396,동의삼성약국,1300.0,2200.0,37.4968508,127.1519742,송파구
397,후생약국,900.0,2130.0,37.497363,127.15003,송파구
398,신대흥약국,900.0,1700.0,37.5210547,126.899121,영등포구
399,신길프라자약국,900.0,1300.0,37.5081661,126.905409,영등포구
400,뉴그랜드약국,900.0,1700.0,37.49955670000001,126.8981452,영등포구
401,종로온누리약국,1000.0,1800.0,37.4927568,126.9080731,영등포구
402,신세명약국,830.0,2200.0,37.4974405,126.9035096,영등포구
403,관악수약국,830.0,2200.0,37.4706344,126.9337182,관악구
404,마더스약국,900.0,1700.0,37.47446980000001,126.9172322,관악구
405,관악수약국,830.0,2200.0,37.4774868,126.961636,관악구
406,동보당약국,900.0,2030.0,37.4853541,126.956353,관악구
407,지하철약국,900.0,2200.0,37.5132537,127.1001549,송파구
408,한중약국,900.0,2100.0,37.4903498,126.8983347,영등포구
409,우신약국,830.0,2100.0,37.51932470000001,126.9024807,영등포구
410,메디컬수약국,900.0,1700.0,37.51932470000001,126.9024807,영등포구
411,광혜약국,800.0,2200.0,37.54789239999999,126.9455614,마포구
412,delight이화약국,1400.0,2100.0,37.5595133,126.9072445,마포구
413,사랑이가득한약국,800.0,1300.0,37.5697336,126.9045131,마포구
414,신공덕약국,1000.0,2100.0,37.5467117,126.9509874,마포구
415,시온약국,1300.0,300.0,37.50484220000001,127.0931278,송파구
416,세계로약국,900.0,2100.0,37.498618,127.1471273,송파구
417,온누리배명약국,1100.0,2200.0,37.4984052,127.0993862,송파구
418,자연약국,1900.0,2100.0,37.4851816,127.0186503,서초구
419,정은약국,900.0,2100.0,37.4911181,126.9883573,서초구
420,서초당약국,1000.0,1900.0,37.4914131,127.0137673,서초구
421,그린약국,900.0,1400.0,37.4878195,127.02688059999998,서초구
422,세계로약국,900.0,2100.0,37.4797819,126.9821548,서초구
423,건강과행복이열리는약국,1300.0,2130.0,37.4943655,127.015124,서초구
424,반포프라자약국,900.0,2230.0,37.5107685,127.0194906,서초구
425,천사약국,1000.0,1800.0,37.5044253,127.0077601,서초구
426,굿모닝약국,900.0,2130.0,37.5041299,127.0030692,서초구
427,우리들약국,900.0,2300.0,37.5021218,127.0120092,서초구
428,곰돌이스타약국,900.0,1900.0,37.50132470000001,127.0254986,서초구
429,서초삼성약국,900.0,1800.0,37.4955719,127.0270752,서초구
430,신오약국,1300.0,2100.0,37.4989982,127.02593600000002,서초구
431,서초로하스약국,1000.0,1700.0,37.4852381,127.0156973,서초구
432,킴스약국,930.0,2200.0,37.5102313,127.0069616,서초구
433,자이프라자약국,900.0,1400.0,37.5071093,127.0098804,서초구
434,방배대한약국,1000.0,1630.0,37.4869655,126.9827324,서초구
435,교대사랑약국,830.0,2130.0,37.49523789999999,127.0180743,서초구
436,금강약국,900.0,1800.0,37.52602540000001,127.0246603,강남구
437,일번지약국,1000.0,1800.0,37.4970921,127.03037240000002,강남구
438,대치필리아약국,1400.0,2200.0,37.497729,127.054481,강남구
439,건강한세상행복한약국,0.0,2400.0,37.5058792,127.0242552,강남구
440,논현천사약국,1000.0,1800.0,37.48567120000001,127.0835425,강남구
441,감마약국,900.0,2000.0,37.5279831,127.0384693,강남구
442,에이엔씨약국,1000.0,2000.0,37.5194669,127.0288329,강남구
443,논현수약국,1400.0,2000.0,37.4972705,127.0502289,강남구
444,압구정스타약국,1200.0,2100.0,37.5248302,127.0253728,강남구
445,한솔인유로온누리약국,1000.0,1300.0,37.4992239,127.048424,강남구
446,유니팜서울약국,1000.0,1800.0,37.4987872,127.0289786,강남구
447,강남백세약국,1100.0,1900.0,37.4980721,127.0595341,강남구
448,도심공항약국,800.0,1800.0,37.5095948,127.0594292,강남구
449,굿케어약국,900.0,2030.0,37.51891079999999,127.0403991,강남구
450,더블유수약국,1200.0,2000.0,37.528674,127.0360132,강남구
451,건강한세상행복한약국,0.0,2400.0,37.5016208,127.0407561,강남구
452,팜엑스약국,1000.0,2200.0,37.5101935,127.0585824,강남구
453,아이조은약국,930.0,1330.0,37.514916,127.0526194,강남구
454,메디칼청실약국,1100.0,2100.0,37.49312949999999,127.059154,강남구
455,아름다운우리약국,1100.0,2100.0,37.49442370000001,127.0395918,강남구
456,나무약국,900.0,1300.0,37.5009285,127.05097759999998,강남구
457,유니팜약국,900.0,1830.0,37.5237401,127.0409074,강남구
458,강남세계로약국,1030.0,1900.0,37.4751724,127.0475668,강남구
459,그린약국,920.0,1930.0,37.5230574,127.0279379,강남구
460,강남웰약국,1000.0,2100.0,37.5012747,127.0266415,강남구
461,기쁨약국,1000.0,2200.0,37.4786308,127.04770159999998,강남구
462,제일그랜드약국,0.0,2400.0,37.5050679,127.024656,강남구
463,개포종로온누리약국,900.0,1700.0,37.4833348,127.0600287,강남구
464,외대조은약국,1000.0,2400.0,37.5797234,127.0372246,동대문구
465,한결약국,800.0,1900.0,37.5238621,126.8752908,양천구
466,치료의빛예은약국,900.0,2230.0,37.5666572,127.0795786,광진구
467,베네시티약국,900.0,1800.0,37.540481,127.1249608,강동구
468,삼화약국,1000.0,2000.0,37.5808208,127.0457652,동대문구
469,가족건강약국,900.0,2000.0,37.511377,126.9317385,동작구
470,도곡타워약국,1030.0,2130.0,37.4889623,127.0519645,강남구
471,상암월드약국,1000.0,2230.0,37.5677584,126.8981147,마포구
472,새보람약국,1000.0,1800.0,37.5268013,126.8959163,영등포구
473,노바약국,1400.0,2200.0,37.5074696,127.0272194,강남구
474,종로우리약국,800.0,2200.0,37.5706553,127.0000414,종로구
475,아이파크약국,900.0,1300.0,37.4799889,127.1436724,송파구
476,고연뿌리약국,900.0,2200.0,37.4892201,126.992214,서초구
477,상산약국,900.0,2200.0,37.56580020000001,127.0200953,중구
478,소아제일약국,830.0,1800.0,37.55410639999999,126.9684622,용산구
479,씨티약국,1000.0,2000.0,37.4997597,127.0271441,강남구
480,서울온누리약국,900.0,1300.0,37.4738598,126.9181205,관악구
481,길동보룡약국,900.0,2200.0,37.537658500000006,127.140232,강동구
482,참조은약국,900.0,1600.0,37.5426383,126.9518887,마포구
483,마곡하나약국,900.0,1400.0,37.5535944,126.8412653,강서구
484,정문약국,900.0,1800.0,37.6140365,127.0976311,중랑구
485,경희궁햇살약국,900.0,1400.0,37.57070529999999,126.9644592,종로구
486,유창온누리약국,830.0,2100.0,37.4950035,127.1170293,송파구
487,아이사랑약국,900.0,1300.0,37.6639295,127.0662693,노원구
488,밝은약국,1400.0,1900.0,37.6198888,127.0744983,노원구
489,굿약국,1200.0,1900.0,37.4999834,127.0259797,서초구
490,새잠실365약국,900.0,1300.0,37.5119423,127.0870254,송파구
491,우성메디칼약국,900.0,2100.0,37.52262290000001,126.8335585,양천구
492,참약사약국,900.0,1330.0,37.6011247,127.0338991,성북구
493,하나로약국,1000.0,2100.0,37.4629917,127.0434134,서초구
494,서초늘봄약국,1000.0,2200.0,37.4908523,127.0057607,서초구
495,참약국,1030.0,2300.0,37.5545666,126.9296725,마포구
496,delight이화약국,1400.0,2100.0,37.5510032,126.9118748,마포구
497,세계약국,1000.0,2130.0,37.5608373,126.9770665,중구
498,세계로약국,900.0,2130.0,37.5996433,127.0794341,중랑구
499,햇빛약국,800.0,1400.0,37.5412413,126.9489446,마포구
500,맑은샘약국,900.0,1400.0,37.5528666,127.0223753,성동구
501,망원동약국,1300.0,2000.0,37.5573708,126.90453909999998,마포구
502,메디피아약국,1000.0,1800.0,37.4853293,127.03406470000002,강남구
503,도담약국,1000.0,1400.0,37.6072575,127.0282373,성북구
504,봄햇살약국,830.0,1500.0,37.6176503,126.921943,은평구
505,유정온누리약국,900.0,1430.0,37.49747079999999,126.9207916,동작구
506,수산약국,1000.0,2200.0,37.5144828,126.9370209,동작구
507,모스팜약국,1200.0,2000.0,37.5070431,126.8902185,구로구
508,면목약국,900.0,1300.0,37.5884749,127.0890626,중랑구
509,숭인약국,1100.0,2200.0,37.6278488,127.0227875,강북구
510,구룡약국,930.0,1330.0,37.51880900000001,126.8636099,양천구
511,대현온누리약국,900.0,1300.0,37.5577454,126.8607246,강서구
512,i튼튼약국,900.0,1600.0,37.6710279,127.0529519,노원구
513,삼성약국,900.0,1300.0,37.5988352,127.0220935,성북구
514,명동명약국,930.0,2130.0,37.5667752,126.9794837,중구
515,신아산약국,800.0,2000.0,37.57129940000001,127.0062182,종로구
516,아주약국,900.0,2130.0,37.54498510000001,127.143355,강동구
517,월드중앙약국,1000.0,1900.0,37.5177414,127.1016565,송파구
518,초이스약국,900.0,1900.0,37.4963126,127.0278447,서초구
519,상계종로약국,1000.0,1800.0,37.6578984,127.0744335,노원구
520,온유약국,800.0,2000.0,37.5711641,127.0005429,종로구
521,새롬약국,900.0,1400.0,37.5071579,127.0913749,송파구
522,아이메디칼약국,900.0,1700.0,37.6070666,127.0299269,성북구
523,별담은온누리약국,900.0,1400.0,37.5244579,126.9076599,영등포구
524,소나무약국,1000.0,2200.0,37.6466623,127.0709672,노원구
525,백현약국,900.0,1400.0,37.5702876,127.0231642,중구
526,밝은미소약국,900.0,2000.0,37.48610350000001,126.9472808,관악구
527,가까운약국,840.0,1400.0,37.48610350000001,126.9472808,관악구
528,나라약국,830.0,1930.0,37.5746408,126.9232419,서대문구
529,서리풀약국,1000.0,1800.0,37.4864621,127.0209426,서초구
530,엄약국,1000.0,2000.0,37.5712497,127.002988,종로구
531,은평자연약국,1400.0,2100.0,37.6130966,126.91438490000002,은평구
532,곰돌이스타약국,900.0,1900.0,37.491914,126.9904974,서초구
533,서초제일약국,1100.0,2000.0,37.4839396,126.99555490000002,서초구
534,종로5가미래약국,900.0,2000.0,37.57117179999999,127.0012401,종로구
535,매일여는온누리약국,900.0,2400.0,37.5046802,127.0877732,송파구
536,경희궁햇살약국,900.0,1400.0,37.5811865,126.9711954,종로구
537,가산약국,900.0,1900.0,37.4760881,126.8931252,금천구
538,365일팜코리아약국,1000.0,1900.0,37.6698686,127.0432761,도봉구
539,창신사랑온누리약국,900.0,2000.0,37.5768766,127.0152236,종로구
540,난곡비타민약국,900.0,1900.0,37.4749083,126.9166153,관악구
541,힘찬약국,900.0,1600.0,37.6547598,127.0132586,도봉구
542,천사약국,800.0,1900.0,37.5494023,126.9143203,마포구
543,조약국,1000.0,2200.0,37.57451079999999,127.0387578,동대문구
544,종로온누리약국,830.0,2100.0,37.57184520000001,127.0104775,종로구
545,뉴프라임약국,900.0,2200.0,37.50450379999999,127.1402677,송파구
546,레몬약국,900.0,1300.0,37.6595527,127.0264273,도봉구
547,마장백화점약국,800.0,2200.0,37.576145,127.0387254,동대문구
548,교보약국,930.0,1830.0,37.4812977,126.9534075,관악구
549,늘한마음약국,900.0,2200.0,37.6549923,127.0599384,노원구
550,유연약국,1000.0,1400.0,37.5549336,127.03674270000002,성동구
551,서울진약국,900.0,1300.0,37.6318863,127.0174721,강북구
552,테헤란건강약국,1600.0,2000.0,37.5035313,127.0510544,강남구
553,건강밝은약국,1000.0,1300.0,37.61073250000001,126.9288012,은평구
554,상봉햇살약국,1000.0,2000.0,37.618692,127.1047136,중랑구
555,세계로약국,830.0,1600.0,37.61341420000001,127.0644694,성북구
556,신이화약국,900.0,2230.0,37.5644208,127.0521129,성동구
557,으뜸약국,900.0,1430.0,37.4779201,127.12718429999998,송파구
558,365미소약국,900.0,2100.0,37.6410554,126.9212098,은평구
559,논현천사약국,1000.0,1800.0,37.50761200000001,127.0340254,강남구
560,국제약국,1000.0,1800.0,37.5722258,127.0680969,동대문구
561,성모약국,1000.0,2000.0,37.5049946,126.9462477,동작구
562,수태평양약국,900.0,2100.0,37.4979909,126.856915,구로구
563,도곡타워약국,1030.0,2130.0,37.5168188,127.0201196,강남구
564,마트약국,900.0,1400.0,37.613797,127.0775029,중랑구
565,에메랄드약국,1000.0,2200.0,37.51681470000001,127.0221321,강남구
566,참사랑약국,1000.0,2100.0,37.4761164,126.9803741,관악구
567,365열린약국,1000.0,2300.0,37.4864085,126.9472347,관악구
568,광장약국,900.0,1300.0,37.49197589999999,126.9589217,관악구
569,연세우리약국,900.0,2100.0,37.5607123,127.0359967,성동구
570,한마음약국,900.0,1900.0,37.5557003,126.9598818,마포구
571,대원사약국,1000.0,2000.0,37.6013476,127.0779816,중랑구
572,구명약국,930.0,2100.0,37.47629910000001,126.9769154,관악구
573,세곡온누리약국,900.0,2300.0,37.46666679999999,127.0985713,강남구
574,21세기보배약국,900.0,2030.0,37.6669249,127.07973490000002,노원구
575,하나약국,800.0,1900.0,37.6418798,126.9222445,은평구
576,가든건강약국,1000.0,1700.0,37.47740170000001,127.1225141,송파구
577,건강한약국,900.0,2100.0,37.616906,127.0629135,노원구
578,인정약국,900.0,1300.0,37.4912666,126.8404118,구로구
579,대박약국,900.0,1300.0,37.5708033,126.9798544,종로구
580,중계우리들약국,1000.0,2200.0,37.63981500000001,127.0686402,노원구
581,스마트약국,1030.0,130.0,37.5674458,127.0080556,중구
582,해피홈약국,900.0,1300.0,37.4926974,127.1455368,송파구
583,새희망약국,830.0,1300.0,37.551974,127.1557876,강동구
584,정릉약국,830.0,2030.0,37.60849870000001,127.0097622,성북구
585,태평양온누리약국,900.0,2100.0,37.5212075,126.8558538,양천구
586,건강한약국,800.0,1300.0,37.5915331,127.05093390000002,동대문구
587,서초메이플약국,1730.0,2130.0,37.48671220000001,127.031016,서초구
588,365열린약국,830.0,2230.0,37.4938656,126.8581879,구로구
589,365그린약국,900.0,1300.0,37.546994,126.8344813,강서구
590,강동정문약국,900.0,1700.0,37.5367598,127.1347602,강동구
591,참정직한온누리약국,900.0,1500.0,37.5424569,127.1411513,강동구
592,늘한마음약국,900.0,2200.0,37.6646244,127.065958,노원구
593,힘찬약국,830.0,1900.0,37.4892294,126.89867,영등포구
594,마트온누리약국,1000.0,2230.0,37.5257763,126.8703272,양천구
595,생각하는약국,1700.0,2000.0,37.4473672,127.0553225,서초구
596,굿약국,1200.0,2200.0,37.5638919,126.9849166,중구
597,하이팜약국,1000.0,2200.0,37.6375145,126.91779040000002,은평구
598,우리재약국,830.0,1800.0,37.5668543,127.0532151,동대문구
599,웰약국,900.0,1300.0,37.51571970000001,127.1322328,송파구
600,경희고황약국,1000.0,1900.0,37.5931286,127.0524226,동대문구
601,문정우리들약국,1000.0,1600.0,37.4857743,127.12050159999998,송파구
602,정성온누리약국,900.0,1430.0,37.5549336,127.03674270000002,성동구
603,라파온누리약국,830.0,2030.0,37.634,127.0416651,도봉구
604,천지당약국,1000.0,2000.0,37.4907935,126.9074899,영등포구
605,수서옵티마약국,1000.0,2100.0,37.4883342,127.10248,강남구
606,고연뿌리약국,900.0,2200.0,37.5065978,127.0054105,서초구
607,중앙제일약국,1000.0,2100.0,37.5221439,126.8745405,양천구
608,명동하이약국,1000.0,2300.0,37.56485960000001,126.9844949,중구
609,라온365온누리약국,900.0,1900.0,37.54125820000001,126.8400723,강서구
610,옵티마서울약국,900.0,1300.0,37.5554652,126.9737482,중구
611,엄마손약국,900.0,1300.0,37.5764921,127.0604586,동대문구
612,압구정예주약국,900.0,2230.0,37.5084658,127.0271657,강남구
613,우리들위생약국,900.0,1800.0,37.5896747,127.0619789,동대문구
614,상봉햇살약국,1000.0,2000.0,37.596438,127.0935903,중랑구
615,노들약국,1100.0,2200.0,37.5134185,126.944644,동작구
616,드림온누리약국,900.0,1500.0,37.6597623,127.048132,도봉구
617,한겨레약국,1000.0,1900.0,37.6182912,126.91970790000002,은평구
618,상아약국,900.0,1930.0,37.6215279,127.0276699,강북구
619,준효약국,830.0,2200.0,37.6221579,127.0793627,노원구
620,합정파란문약국,1000.0,2100.0,37.54959270000001,126.9121968,마포구
621,현대온누리약국,900.0,2100.0,37.5184105,126.97785659999998,용산구
622,덕수약국,900.0,1200.0,37.6066393,127.0955549,중랑구
623,새암온누리약국,1100.0,1800.0,37.6356724,127.02387579999998,강북구
624,한미약국,900.0,1600.0,37.569332,126.9152706,서대문구
625,봄햇살약국,830.0,1500.0,37.6441142,126.9227323,은평구
626,더샾스타시티약국,900.0,2300.0,37.5376127,127.0726183,광진구
